scrape_timestamp,keyword,listing_id,title,price_amount,price_currency,num_favorers,views,shop_id,tags,url,review_count,avg_review_rating,latest_review_date,shop_name,shop_total_sales,shop_review_average,shop_review_count,shop_favorers,shop_active_listings
2026-09-05_17-14-48,personalized football gift,4569623014,"Personalized Tampa Bay Football T-Shirt, Custom Name & Number Game Day Jersey, Football Fan Gift",20.6,EUR,0,0,67818990,,https://www.etsy.com/listing/4569623014/personalized-tampa-bay-football-t-shirt,0,0,0,KNLBV,0,0,0,0,11
2026-09-05_17-14-48,personalized football gift,4479828063,Football Personalized Keychain / Keyring / Bag Tag / Name Tag - 3D Printed Plastic / Flag Football / Start End of Season Gift / Team Gift,3.45,USD,129,2948,62897228,Football|Bag Tag|End of Season|Basketball|Soccer|Custom Name|Personalized Name|Key Chain|football keychain|football name tag|football mom|personalized keyring|football team gifts,https://www.etsy.com/listing/4479828063/football-personalized-keychain-keyring,37,5.0,1788112418,3DYaYaLayers,3716,4.96,639,551,34
2026-09-05_17-14-48,personalized football gift,1871969812,"Baseball, Football, Basketball Sports Pacifier Clip • Personalize with Baby Boy or Girl Name • Custom Sports Mom Gift for Newborn",16.99,USD,257,5132,17957544,baby boy gift|new mom gift|silicone baby|custom baby gift|personalized baby|baseball|basketball|football|soccer|boy mom|baby gifts|gift newborn|new dad gift,https://www.etsy.com/listing/1871969812/baseball-football-basketball-sports,19,5.0,1787149132,knotified,7137,4.98,1964,1401,324
2026-09-05_17-14-48,personalized football gift,1467624673,Personalised Name Sign - Door Sign - Name sign - Any Colour - Any Name - Name Plaque - 3d Printed - custom name sign - bedroom door sign,6.99,GBP,1124,62533,35508264,door sign|door plaque|name sign|name plaque|personalised sign|personalised gift|3d printed|keyring|football|multicolour|decorating|cheap gift|custom name sign,https://www.etsy.com/listing/1467624673/personalised-name-sign-door-sign-name,103,5.0,1788587021,3dprintsac,14401,4.89,1948,555,30
2026-09-05_17-14-48,personalized football gift,4507052208,"Personalisierte Schokolinsen Fußball Motive | Fußballparty Süßigkeiten | Schokolinsen mit Tor, Pokal, Pfeife & Trikot | Kindergeburtstag WM",7.99,EUR,45,638,39326016,schokolinsen|fußball party|kindergeburtstag|gastgeschenk|fußball süßigkeiten|fußball motive|party mitgebsel|fußball geburtstag|süßigkeiten party|fußball wm|fußball wm süßigkeiten|wm party|turnier snack,https://www.etsy.com/listing/4507052208/personalisierte-schokolinsen-fussball,0,0,0,SalonBuck,1117,4.85,148,247,36
2026-09-05_17-14-48,personalized football gift,4490670968,"Custom Mascot Shirt, Retro School Spirit Tee, Personalized Team Name Gift",16.65,USD,0,59,44108895,back to school shirt|school mascot shirt|cheer mascot shirt|school spirit shirt|team mascot shirt|high school team|pennat color shirt|football mom shirt|fall football shirt|custom team shirt|custom school name|cheer mom shirt|sports mom shirt,https://www.etsy.com/listing/4490670968/custom-mascot-shirt-retro-school-spirit,0,0,0,RedBubbleApparel,28157,4.82,5182,1210,1576
2026-09-05_17-14-48,personalized football gift,4533243006,"Personalized House Divided Garden Flag, Custom Sports Team Yard Flag, Football Game Day Porch Decor, Family Rivalry Outdoor Flag, Team Gift",16.35,USD,66,1955,64393137,house divided|garden flag|custom yard flag|sports flag|team flag|rivalry flag|football decor|game day decor|tailgate flag|family rivalry|custom colors|outdoor flag|porch flag,https://www.etsy.com/listing/4533243006/personalized-house-divided-garden-flag,17,4.9,1788310674,LumiNestGifts,294,4.74,46,101,154
2026-09-05_17-14-48,personalized football gift,4561992301,"Custom Cleveland Browns Dog Bandana - Over Collar, Personalized Name Option, XS-XL, Cotton/Poly Blend",10.0,USD,1,16,20827568,gift for dog|dog clothes|dog accessories|pet bandana|gift for dog owner|Over The Collar|Football dog bandana|Browns|Cleveland Browns|Gift for Browns fan|Browns dog bandana|Name dog bandana|personalize,https://www.etsy.com/listing/4561992301/custom-cleveland-browns-dog-bandana-over,0,0,0,MykaMayPetBoutique,1087,4.9,169,144,193
2026-09-05_17-14-48,personalized football gift,4365627175,Custom Baseball Name Sticker: Waterproof Vinyl Label,1.96,USD,367,10733,58102944,waterproof sticker|personalized sticker|name sticker|customized sticker|water bottle sticker|name labels|sports team stickers|sports name stickers|sport number sticker|football sticker|team number sticker|sports team sticker|laptop stickers,https://www.etsy.com/listing/4365627175/custom-baseball-name-sticker-waterproof,52,4.9,1788307238,HomeGiftsTX,29182,4.89,3570,2942,208
2026-09-05_17-14-48,personalized football gift,1867346845,"Personalized Football Wall Art, Soccer Prints, Custom Soccer Poster, Soccer Gift for Boys Bedroom Soccer Decor Kids Room Decor Soccer Jersey",6.45,GBP,565,17508,36622058,personalised prints|soccer prints|soccer wall art|soccer posters|soccer gifts|soccer bedroom art|football gifts|personalized art|custom soccer|soccer art|custom football|boys wall art|gift for boys,https://www.etsy.com/listing/1867346845/personalized-football-wall-art-soccer,26,5.0,1787944812,DecorByReece,26482,4.92,2628,1739,850
2026-09-05_17-14-48,personalized football gift,4569607151,"Personalized Buffalo Football T-Shirt, Custom Name & Number Game Day Jersey, Football Fan Gift",20.6,EUR,0,0,67818990,,https://www.etsy.com/listing/4569607151/personalized-buffalo-football-t-shirt,0,0,0,KNLBV,0,0,0,0,11
2026-09-05_17-14-48,personalized football gift,4561207482,"Personalized Senior Football Mom Shirt, Comfort Colors Senior Night Tee, The Final Quarter Shirt, Custom Player Photo Football Mom Gift",10.3,USD,15,227,56108290,comfort colors tee|game day tee|football fan tee|football mama tee|senior mom tee|gift for mom|football mom|custom photo shirt|senior mom shirt|football mom shirt|school mascot shirt|senior mom 2026|senior football gift,https://www.etsy.com/listing/4561207482/personalized-senior-football-mom-shirt,0,0,0,HarmonyMine,11630,4.84,967,726,921
2026-09-05_17-14-48,personalized football gift,4342217870,"Personalized College Football Cups, Styrofoam, Roadie, Tailgate, Texas Tailgate, Guns Up, Texas, Wreck Em, Guns Up, Raiders, Tailgating",79.0,USD,3,49,13851571,tailgate|texas football|Texas longhorns|football cups|horns|frog water|Texas Tech|Wreck Em|Guns Up|Whoop|Gig Em|Aggies|Texas,https://www.etsy.com/listing/4342217870/personalized-college-football-cups,0,0,0,EloquenceInk,27206,4.97,4568,3196,744
2026-09-05_17-14-48,personalized football gift,4536043037,"Baby Football Romper, Custom Name Baby Romper, Football Onesie Overalls, Hand Embroidered Baby Football Outfit, Baby Dungarees with Name",37.99,CAD,720,17253,56838585,Baby football romper|baby football outfit|baby football gift|baby football onesie|baby name romper|Baby Dungarees|game day outfit|custom baby romper|football fan gift|personalized romper|sport team outfit|embroidered romper|personalized gift,https://www.etsy.com/listing/4536043037/baby-football-romper-custom-name-baby,10,4.6,1788619169,BabyblssDesigns,4551,4.8,449,783,19
2026-09-05_17-14-48,personalized football gift,4569606249,"Personalized Green Bay Football T-Shirt, Custom Name & Number Game Day Jersey, Football Fan Gift",20.6,EUR,0,0,67818990,,https://www.etsy.com/listing/4569606249/personalized-green-bay-football-t-shirt,0,0,0,KNLBV,0,0,0,0,11
2026-09-05_17-14-48,personalized football gift,4545341399,"Sports Bear Baby Mobile, Crochet Crib Mobile, Handmade Teddy Bear Nursery Decor, Personalized Baby Mobile, Baby Shower Gift, Newborn Gift",59.9,USD,18,869,60402634,sports baby mobile|bear baby mobile|crochet mobile|crochet baby gift|teddy bear mobile|crib mobile|nursery mobile|baby crib decor|sports nursery|football mobile|baseball mobile|basketball decor|baby shower gift,https://www.etsy.com/listing/4545341399/sports-bear-baby-mobile-crochet-crib,0,0,0,SolariaCharm,948,4.17,151,99,106
2026-09-05_17-14-48,personalized football gift,4519495570,Personalized Soccer Ball Letter Pillow Custom Initial Pillow With Name Pillow Soccer Pillow Football Lover Player Fans Gift World Cup 2026,160800.0,IDR,228,3262,66117491,soccer letter pillow|soccer pillow|soccer Gifts|letter soccer pillow|letter pillow|football cushion|soccer ball letter|soccer name pillow|soccer pillow name|soccer ball cushion|name letter cushion|initial pillow|Soccer Ball Lover,https://www.etsy.com/listing/4519495570/personalized-soccer-ball-letter-pillow,4,4.75,1788415768,PopStoreViaGoods,89,4.8,5,30,8
2026-09-05_17-14-48,personalized football gift,4538642173,"Personalized Los Angeles Baby Name Number Football Dress, Custom Team Name Baby Jersey Dress, Girls Game Day Outfit",225.38,HKD,10,303,66647931,football baby dress|personalized baby|custom baby dress|baby girl football|game day outfit|football baby gift|baby shower gift|team name outfit|name number dress|football toddler|first game day|sports baby outfit|football outfit girl,https://www.etsy.com/listing/4538642173/personalized-los-angeles-baby-name,0,0,0,TinyNumberNest,298,5,10,158,64
2026-09-05_17-14-48,personalized football gift,4542547533,"Custom Chenille Embroidered Sweatshirt, Personalized Name 3D Fuzzy Letter Crewneck, Varsity Game Day Sweater, Team Spirit Gift for Her",29.99,USD,253,5565,51012693,Chenille Sweatshirt|Chenille Embroidery|Fuzzy Letter Sweater|3D Embroidered Top|Custom Sweatshirt|Personalized Sweater|Varsity Crewneck|Game Day Sweatshirt|Team Spirit Shirt|Football Mom Shirt|Embroidered Crewneck|Custom Name Sweater|Textured Sweatshirt,https://www.etsy.com/listing/4542547533/custom-chenille-embroidered-sweatshirt,3,5.0,1787945381,Shikallc,688,4.49,112,145,10
2026-09-05_17-14-48,personalized football gift,1901516611,"1986 Personalised Football Birthday Year Print – 40th Birthday Gift – Any Club, Any Year – Football Fan Present",8.0,GBP,55,4287,34850556,Birthday Gift|Manchester|Chelsea|Rangers|Football Birthday|Birmingham city|40th birthday gift|Leicester|1986 birthday gift|football fan gift|birth year gift|football history|football year print,https://www.etsy.com/listing/1901516611/personalised-football-history-poster-of,14,5.0,1787065780,HomeFansFC,9807,4.92,1511,500,34
2026-09-05_17-14-48,personalized football gift,4389170224,"Personalized Soccer Wall Art – Custom Name & Number Print Set – Boys Room Decor – Sports Poster Gift – Football Art, Digital Download, H3520",13.5,USD,255,6406,8252569,soccer wall art|boys room decor|sports print set|football art|name wall art|custom jersey|kids sport art|teen wall print|sport poster|soccer decor|boys wall art|game room art|sports wall art,https://www.etsy.com/listing/4389170224/personalized-soccer-wall-art-custom-name,3,3.6666666666666665,1777735075,HopAndPop,55787,4.93,6561,6614,888
2026-09-05_17-14-48,personalized football gift,1129266786,House Divided Door Sign | House Divided Sign | House Divided Wreath | Football Wreath | Football Front Door Decor | Personalized Sports Sign,80.0,USD,804,28187,32620862,door hangers|house divided sign|sports wreaths|sports signs|front porch decor|house divided wreath|house divided flag|divided doormat|football door sign|house divided door|Ohio state|personalized gift|sports fan gift,https://www.etsy.com/listing/1129266786/house-divided-door-sign-house-divided,102,5.0,1788533858,KayLewisDesigns,21869,4.96,5965,4728,578
2026-09-05_17-14-48,personalized football gift,4459440869,Personalised Portsmouth FC Baby Gift: Football Teddy Bear Bib Vest Romper Sets,6.99,GBP,3,165,25756032,babygrow|baby vest|babygrows|baby vests|football baby vest|Mini Fan|Mini Football Fan|1st Football Match|personalised teddy|Portsmouth FC|Portsmouth Baby Gift|Portsmouth FC Teddy|Portsmouth Baby Vest,https://www.etsy.com/listing/4459440869/personalised-portsmouth-fc-baby-gift,0,0,0,GiftObsessionStore,2529,4.58,326,186,415
2026-09-05_17-14-48,personalized football gift,4569618038,"Personalized Philadelphia Football T-Shirt, Custom Name & Number Game Day Jersey, Football Fan Gift",20.6,EUR,0,0,67818990,,https://www.etsy.com/listing/4569618038/personalized-philadelphia-football-t,0,0,0,KNLBV,0,0,0,0,11
2026-09-05_17-14-48,personalized football gift,4562622650,"Personalized Chelsea Baby Jersey Bodysuit,  Baby Football Outfit",39.99,CAD,4,327,52556260,baby football|Liverpool gift|custom baby gift|football romper|personalized baby|baby soccer outfit|football baby|baby boy gift|soccer romper|Chelsea baby|Chelsea baby kit|Chelsea fan gift|Chelsea newborn,https://www.etsy.com/listing/4562622650/personalized-chelsea-baby-jersey,0,0,0,ArtifactsAccessories,566,4.67,42,122,83
2026-09-05_17-14-48,personalized football gift,4513077222,"Personalized Baby Football Outfit, Baby Romper Football Overalls, Football Fan Gift, Gift for Football Lover,Baby Shower Gift, Baby Clothes",27.32,CAD,80,2491,45903352,Monogrammed overalls|Baby Overalls|Personalized romper|baby name romper|baby Dungarees|Baby Football Outfit|Football fan gift|baby football romper|embroidered overalls|name jumpsuit|newborn overalls|Toddler Dungaree|football lover gift,https://www.etsy.com/listing/4513077222/personalized-baby-football-outfit-baby,5,5.0,1787764084,KittyDoris,8093,4.88,1340,1028,33
2026-09-05_17-14-48,personalized football gift,1738114179,Aston Villa Football Team Personalised Mug,10.99,GBP,2,445,51217502,Coffee mugs|custom mugs|funny mug|quotes mug|gift mug|gift for friend|gift for her|gift for him|personalised mug|text mug|keep calm mug|coffee mug,https://www.etsy.com/listing/1738114179/aston-villa-football-team-personalised,2,4.5,1765615289,SezzarShop,711,4.65,95,39,75
2026-09-05_17-14-48,personalized football gift,4438895774,Personalised When I Wake Up I Will Be Football Pyjamas with Name & Age ~ Birthday Gift Boy Girl ~ Stripe Pjs ~ Various Colours Available,18.99,GBP,0,138,12809083,kids pjs|kids pyjamas|childrens pjs|custom pjs|name pjs|red stripe pjs|football pjs|football fan pjs|soccer fan pjs|when i wake up pjs|kids football pjs|when i wake up pj|birthday pjs,https://www.etsy.com/listing/4438895774/personalised-when-i-wake-up-i-will-be,1,5.0,1780694757,designs4ushop,51824,4.89,7369,1469,1017
2026-09-05_17-14-48,personalized football gift,4569617614,"Personalized Football Game Day Tee, Custom Player Number Shirt, High School Cheer Top, Team Spirit Shirt, Football Mom Gift, Custom Tee",13.85,USD,0,0,52885600,football game day|custom number|player tee|football shirt|cheer top|high school tee|team spirit|football mom|custom tee|school spirit|football gift|spirit shirt|cheer gift,https://www.etsy.com/listing/4569617614/personalized-football-game-day-tee,0,0,0,GoldenTeeUS,3014,4.83,512,115,2068
2026-09-05_17-14-48,personalized football gift,4569617602,"Custom Football Number Tee, Personalized High School Game Day Comfort Color Shirt, Cheer Spirit Top, Team Shirt, Football Mom Gift,",39.15,USD,0,0,52885600,number tee|custom football|football number|game day shirt|cheer spirit|team shirt|football mom|custom player|high school shirt|school spirit|football tee|spirit wear|game day tee,https://www.etsy.com/listing/4569617602/custom-football-number-tee-personalized,0,0,0,GoldenTeeUS,3014,4.83,512,115,2068
2026-09-05_17-14-48,personalized football gift,1785983395,"Personalized Boys Football Bag, Dallas Football, Name Football Bag, Bag Tag Football,  Football Student, Football Coach Gift,Football Player",54.99,USD,0,64,52290558,boys Football Bag|Football Team|Name Football Bag|Bag Tag Football|Football Student|Football Coach Gift|Football Player gift|gym bag|duffle bag boy|holdall bag|men's duffle bag|personalized duffel|Dallas Cowboys,https://www.etsy.com/listing/1785983395/personalized-boys-football-bag-dallas,0,0,0,DobrysDen,544,4.9,164,66,133
2026-09-05_17-14-48,personalized football gift,4526220939,"Custom Checkered Mascot Design Shirt, Personalized School Spirit Tee, Custom Team Name Football Shirt, Game Day Outfit, Coach Gift",19.18,USD,148,3491,24858060,school spirit tee|mascot shirt|team name tee|game day shirt|football mom tee|coach gift|pep rally shirt|custom mascot|sports team tee|rally day outfit|checkered tee|varsity style|fan gear gift,https://www.etsy.com/listing/4526220939/custom-checkered-mascot-design-shirt,2,4.0,1787853478,MojoSticker,194441,4.65,32527,9318,13153
2026-09-05_17-14-48,personalized football gift,4493462655,"Custom Mascot T-Shirt, Retro School Spirit Tee, Personalized Team Name Gift",16.65,USD,62,2117,55793990,back to school shirt|school mascot shirt|cheer mascot shirt|school spirit shirt|team mascot shirt|high school team|pennat color shirt|football mom shirt|fall football shirt|custom team shirt|custom school name|cheer mom shirt|sports mom shirt,https://www.etsy.com/listing/4493462655/custom-mascot-t-shirt-retro-school,4,4.5,1788478306,HoneyWaveShirt,6757,4.79,860,1486,1521
2026-09-05_17-14-48,personalized football gift,4569604139,"Personalized Detroit Football T-Shirt, Custom Name & Number Game Day Jersey, Football Fan Gift",20.6,EUR,0,0,67818990,,https://www.etsy.com/listing/4569604139/personalized-detroit-football-t-shirt,0,0,0,KNLBV,0,0,0,0,11
2026-09-05_17-14-48,personalized football gift,1576052942,"Embossed Customized Coach Gift, Personalized Coach shirt, School colors Coach Sweatsuit, Quarter Zip Sweatshirt, College Coach, Sports Coach",46.48,USD,15,636,11956550,gift for coach|coach shirt|coach sweatshirt|team sweatshirt|college coach|Coach sweatsuit|Football Team Gift|PE Teacher Gift|End of Season Gift|personalized coach|football coach gift|coach gift|team gift,https://www.etsy.com/listing/1576052942/embossed-customized-coach-gift,0,0,0,Up2ournecksinfabric,621192,4.87,112551,35220,1494
2026-09-05_17-14-48,personalized football gift,4330058195,"Personalized Football Birthday Kids Shirts, Football Birthday Party Outfit, Sports Baby Romper, Football Fan Toddler, Birthday Boy Gift",18.99,USD,104,2325,58609276,baby shower gifts|Baseball Toddler|baby announcement|new baby gift|Baby Sport Gift|coming home outfit|custom baby name|pregnancy reveal|birthday boy outfit|football Baby Fan|football theme party|football toddler|football romper,https://www.etsy.com/listing/4330058195/personalized-football-birthday-kids,8,4.875,1787096183,TogetherWearStore,12089,4.71,1105,1241,685
2026-09-05_17-14-48,personalized football gift,4398992565,"Personalised Football Wall Art, Football Gifts for Boys Room, Boys Bedroom Decor, Football Prints, Custom Name & Number",6.19,GBP,69,1099,36622058,football gifts|personalised boys|gifts for boys|football poster|football prints|football wall art|football jersey|football shirts|boys room decor|teen boy gift|gifts for teens|modern boys room|football decor,https://www.etsy.com/listing/4398992565/personalised-football-wall-art-football,2,5.0,1788588090,DecorByReece,26482,4.92,2628,1739,850
2026-09-05_17-14-48,personalized football gift,1882093895,Custom Soccer Ticket Template | Surprise Gift Soccer Tickets | Sports Soccer Football Personalized Ticket | Soccer Game Stub,1.5,USD,1,130,37855631,physical ticket|commemorative ticket|customizable ticket|custom ticket|sports ticket|personalize ticket|sports event ticket|soccer keepsake|soccer ticket gift|soccer ticket|college soccer|custom soccer stub|soccer game stub,https://www.etsy.com/listing/1882093895/custom-soccer-ticket-template-surprise,0,0,0,HappyStationaryHub,9137,4.75,500,506,491
2026-09-05_17-14-48,personalized football gift,1354981461,The Lions - 1987 Home Retro Football Apron,19.98,GBP,3,120,27039650,Apron|Football|Retro|Gift|Showerproof|BBQ|Cooking|Personalised|The Lions,https://www.etsy.com/listing/1354981461/the-lions-1987-home-retro-football-apron,0,0,0,BritishMadeGifts,14695,4.76,2408,692,4277
2026-09-05_17-14-48,personalized football gift,1577102298,"Man Utd Personalised Born to Support Manchester United Just Like Daddy, Grandad, Mummy, Football Baby Vest | Bodysuit | Baby Gift | New Baby",14.49,GBP,5,620,42278156,Man Utd|Born to Support|Manchester|Just Like Daddy|Football Baby Vest|Football Baby Gift|Football Bodysuit|New Baby Gift|Christmas Gift|Born to Love|Football Fans|Personalised Vest|christmas,https://www.etsy.com/listing/1577102298/man-utd-personalised-born-to-support,1,5.0,1787228714,SimpleSallyStudio,3548,4.68,319,94,781
2026-09-05_17-14-48,personalized football gift,4569603209,"Custom School Mascot Sweatshirt, Personalized Game Day Crewneck, Team Shirt, Football Mom Gift, Custom Sweater, Sports Sweatshirt",34.99,USD,0,0,62584452,football sweatshirt|mascot sweatshirt|school mascot shirt|custom school shirt|custom mascot shirt|back to school shirt|cheer mom sweatshirt|team sweatshirt|personalized hoodie|game day crewneck|custom sweater|sports sweatshirt|football mom gift,https://www.etsy.com/listing/4569603209/custom-school-mascot-sweatshirt,0,0,0,ShineSmileCreate,188,4.92,25,67,238
2026-09-05_17-14-48,personalized football gift,1740354064,"Custom Football Mom Shirt, Personalized Football Shirt, Game Day Football Hoodie, Football Girlfriend Sweatshirt, Glitter Football Shirt",27.5,USD,5,188,23320607,Football Mom Shirt|Football Shirt|Oversized Sweatshirt|Plus Size Clothing|Personalized Gift|Football Nana Aunt|Senior Football|Football Mom Life|School Mascot Shirts|Football Girlfriend|Custom Sports Shirt|Spiritwear Spirit|Wear Apparel,https://www.etsy.com/listing/1740354064/custom-football-mom-shirt-personalized,1,5.0,1760737573,EmZeeDesignsCo,44857,4.86,8455,3705,1679
2026-09-05_17-14-48,personalized football gift,4432977830,"Custom Name Number Logo Cropped White Green Football Jersey for Women, Personalized Mesh Jersey Cheer Crop Top, Football Jersey for Girls",15.95,USD,5,527,44798521,Personalized jersey|women's jerseys|football women|women crop jersey|custom jersey women|team custom shirt|cheer jersey|sports crop top|Gift for her|Streetwear Top|Cropped Football|Retro Sport Style|cropped mesh jersey,https://www.etsy.com/listing/4432977830/custom-name-number-logo-cropped-white,0,0,0,LIAMJERSEY,5901,4.73,670,777,814
2026-09-05_17-14-48,personalized football gift,856666465,West Brom Football Baby Bib: Embroidered Cotton Dribble Bib,8.99,GBP,0,54,19294795,Personalized|baby shower|new born|baby blanket|Christening gifts|Embroidery|super cute|Baby bibs|gift ideas for baby|grandchild|Football|Soccer|chelsea,https://www.etsy.com/listing/856666465/west-brom-football-baby-bib-embroidered,0,0,0,StaceysBabyBoutique,10298,4.93,1751,301,102
2026-09-05_17-14-48,personalized football gift,4373627147,Baby Body Personalisiert im Galatasaray Design für Fußball fans | Geschenk zur Geburt für Jungen und Mädchen | 100 % Bio Baumwolle,9.99,EUR,39,6435,59955089,Babybody mit Nachname|Baby body mit Nachname|Babybody personalisiert|Baby body personalisiert|personalisierter Body|Baby body Name|Babybody Name|neugeborenen geschenk|geburtsgeschenk|babygeschenk personalisiert,https://www.etsy.com/listing/4373627147/baby-body-personalisiert-im-galatasaray,9,4.555555555555555,1786224570,LiyLid,1530,4.95,274,100,42
2026-09-05_17-14-48,personalized football gift,4530129183,Personalized Sports Bogg Bag Name Charm | Custom Baseball Softball Football Bag Tag | Acrylic Name Charm | Team Mom Gift,14.99,USD,63,899,16476459,sports gift|game day|custom bag charm|team mom gift|bogg accessories|acrylic name tag|custom name tag|softball mom|sports bag charm|personalized|bogg bag charm|football mom|baseball mom,https://www.etsy.com/listing/4530129183/personalized-sports-bogg-bag-name-charm,0,0,0,RoamWithShae,9642,4.9,2061,488,10
2026-09-05_17-14-48,personalized football gift,4561293707,"Personalized Team Custom Initial VNeck Shirt with Number and Sleeve Print, Schoool Spirit V-Neck Tee, Game Day Gift",31.0,USD,12,605,48761225,V-Neck Shirt|VNeck Tee|custom spirit shirt|team spirit shirt|game day shirt|custom team shirt|sports mom shirt|player number tee|custom initial tee|team name shirt|football mom shirt|baseball mom shirt,https://www.etsy.com/listing/4561293707/personalized-team-custom-initial-vneck,1,5.0,1788479412,CustomRapidTee,11598,4.83,1702,1144,996
2026-09-05_17-14-48,personalized football gift,1693251589,Tennessee Stationery Notecards: University College Mascot Thank You Note Card | Graduation Gift (Large 5.5x8.5),20.0,USD,41,1011,26981909,Custom Flat Notecard|Monogram Stationery|Preppy Stripes Note|Smokey Mascot Dog|Tennessee Football|UT Vols College|Thank You Card Note|Graduation Student|Big Orange Bow Gift|Watercolor State Map|Personalized Gift|Girly Coquette Bow|Knoxville Fans Home,https://www.etsy.com/listing/1693251589/personalized-tennessee-vols-stationery,2,5.0,1765378679,LulaMerleCo,5465,4.99,1206,750,290
2026-09-05_17-14-48,personalized football gift,1687300083,"Christian Football Player Personalized Canvas, Wall Football Art Print, Custom Framed Canvas, Football Gift for Dad, Husband, Son",27.89,USD,109,3674,45617900,personalized poster|sports gifts|personalized canvas|gift for son|football poster|football wall art|football canvas|football mom|football player|football gifts|football dad|gift for boyfriend|custom name number,https://www.etsy.com/listing/1687300083/christian-football-player-personalized,1,4.0,1769009733,VanHaoEComLLCStore,8216,4.66,1269,461,1620
2026-09-05_17-14-48,personalized football gift,4349237809,"Personalized Football Mom Shirt, Those Are My Boy Shirt, Football Kids Game Day Tee Retro Cheer Mom Tee Football Gift For Her Him Sports Mom",22.88,USD,215,7980,58274742,mom shirt|football mom|cheer mom shirt|Cheer Shirt|gift for mom dad|football season|football mom gift|jersey number shirt|cute football|cheer mom tee|Gameday tee|school football team|football lover shirt,https://www.etsy.com/listing/4349237809/personalized-football-mom-shirt-those,30,4.6,1788440759,ZenTeeGifts,7936,4.82,1356,1206,559
2026-09-05_17-14-48,personalized football gift,4362524855,Personalized Just a Girl Who Loves Football Ornament with Custom Team Logo,31.41,USD,1,11,54852640,christmas ornament|wooden ornament|xmas tree ornament|custom ornament|christmas decoration|house divided|personalized team|football ornament|football fan gift|custom logo ornament|football christmas|sports ornament|girl loves football,https://www.etsy.com/listing/4362524855/personalized-just-a-girl-who-loves,0,0,0,SGCraftedJoy,4122,4.66,806,622,1134
2026-09-05_17-14-48,personalized football gift,546752337,Cutting Board Personalized Football Theme Football Gifts Game Day Touchdown End Game Gift for Sports Fan Wedding Gifts for couple Wood,76.0,USD,206,4849,12631363,laser engraved|custom cutting board|wedding gift|anniversary gift|personalized gift|WoodEnvy|housewarming gift|kitchen tools|sports|football|game day|sport themed wedding|touchdown,https://www.etsy.com/listing/546752337/cutting-board-personalized-football,0,0,0,WoodEnvyDotCom,9062,4.87,2078,2409,295
2026-09-05_17-14-48,personalized football gift,4362532089,"Personalized Football Ornament – Custom Name, Keepsake Christmas Gift",14.99,USD,0,1,60216463,custom name ornament|youth football gift|custom team ornament|football ornament|sports ornament|Christmas ornament|jersey ornament|athlete keepsake|sporty decor|American football|Football Boy|Football players|Team Christmas,https://www.etsy.com/listing/4362532089/personalized-football-ornament-custom,0,0,0,SnizokBAS,248,4.85,56,11,269
2026-09-05_17-14-48,personalized football gift,4559230279,"Embroidered Custom Sports Team Sweatshirt, Patchwork Applique Embroidered Crewneck, Personalized Team Mascot Sweatshirt, School Spirit Gift",52.82,USD,57,1410,52978710,custom sweatshirt|sports sweatshirt|team sweatshirt|patchwork applique|team spirit wear|mascot sweatshirt|school sweatshirt|embroidered gift|varsity sweatshirt|custom mascot|football mom gift|baseball mom|basketball gift,https://www.etsy.com/listing/4559230279/embroidered-custom-sports-team,0,0,0,DangExpress,1147,4.55,114,237,248
2026-09-05_17-14-48,personalized football gift,4569614772,"Personalized Las Vegas Football T-Shirt, Custom Name & Number Game Day Jersey, Football Fan Gift",20.6,EUR,0,0,67818990,,https://www.etsy.com/listing/4569614772/personalized-las-vegas-football-t-shirt,0,0,0,KNLBV,0,0,0,0,11
2026-09-05_17-14-48,personalized football gift,4550580759,"Football Senior Mom Shirt, Customizable Football Mom Custom School Mascot Shirt Vintage Varsity Design Retro Team Spirit Graphic",18.0,USD,29,623,59863032,Personalized School|school team shirt|custom spirit shirt|custom team shirt|School Spirit Shirts|custom school tee|School Team Name|football senior gift|team football mom|football game mom|senior year shirt|custom name shirt,https://www.etsy.com/listing/4550580759/football-senior-mom-shirt-customizable,1,3.0,1787919247,RedVelvetShirt,2931,4.78,405,674,654
2026-09-05_17-14-48,personalized football gift,4548478840,"Football Senior Mom Shirt, Customizable Football Mom Graphic, Personalized Name Tee, Senior Year Football Gift Idea",18.0,USD,44,1825,59863032,football senior gift|team football mom|football game mom|senior year shirt|custom name shirt|football mom gift|football mom shirt|personalized gift,https://www.etsy.com/listing/4548478840/football-senior-mom-shirt-customizable,2,5.0,1787537475,RedVelvetShirt,2931,4.78,405,674,654
2026-09-05_17-14-48,personalized football gift,4539025918,"Football Senior Mom Shirt, Customizable Football Mom Graphic, Personalized Name Tee, Senior Year Football Gift Idea",18.0,USD,670,25770,59863032,football mom shirt|football senior gift|football mom gift|senior year shirt|personalized gift|team football mom|custom name shirt|football game mom,https://www.etsy.com/listing/4539025918/football-senior-mom-shirt-customizable,59,5.0,1788556437,RedVelvetShirt,2931,4.78,405,674,654
2026-09-05_17-14-48,personalized football gift,785457732,"Personalized Glossy Football Favor Labels - Birthday Favor Labels - Gift Tags - FBL025 - 1.5&quot;, 2&quot;, 2.5&quot; sizes",7.49,USD,1,45,6870759,Personalized|Party Favors|Party Supplies|round favor labels|round stickers|favor tags|gift tags|custom labels|birthday favors|football party|football theme|football labels|super bowl party,https://www.etsy.com/listing/785457732/personalized-glossy-football-favor,0,0,0,ThatsAWrapFavors,25015,4.96,5799,1926,2376
2026-09-05_17-14-48,personalized football gift,4566970074,"Comfort Colors Custom Number and Name Shirt, Personalized Sports Mascot Tee,Your Number College Football Game Day Gift",18.0,USD,1,8,59863032,school team number|football number|game day comfort|jersey number|custom football|custom number|college football|football lover shirt|football shirt|christmas gift|comfort colors tee|custom shirt|your number,https://www.etsy.com/listing/4566970074/comfort-colors-custom-number-and-name,0,0,0,RedVelvetShirt,2931,4.78,405,674,654
2026-09-05_17-14-48,personalized football gift,4370736146,"Retro Game Console Football Birthday Card, Personalized Soccer Card",5.29,GBP,4,80,13629319,Card For men|gamer card|brother gaming|personalised card|football Birthday|Son birthday|personalised name|computer games|Soccer Gift|football dad card|football fan gift|retro football card|game console card,https://www.etsy.com/listing/4370736146/retro-game-console-football-birthday,1,5.0,1782464102,97design,19766,4.95,4412,1516,176
2026-09-05_17-14-48,personalized football gift,4312660984,"Personalized Football Aunt Shirt, Custom Game Day Tee, Name Number Apparel, High School Football",32.99,USD,25,548,54979400,custom football name|football gameday|customized football|football custom|season football|football gift family|your name football|names and numbers|gameday shirt|high school football|team name football|sport lovers shirt|personalized varsity,https://www.etsy.com/listing/4312660984/custom-football-aunt-shirt-personalized,3,5.0,1788010191,ThisGlamorousMomLife,2702,4.89,444,170,215
2026-09-05_17-14-48,personalized football gift,4299270101,Personalized Atlanta Football Jersey Phone Case | Custom Name & Number,280000.0,IDR,0,42,44814558,iPhone 15|Samsung S24|iPhone 16 Case|Google Phone Case|gift|Birthday gift|Gift for dad|Gift for family|Gift phone case|Atlanta Falcons|Atlanta Football|Falcons Football|Atlanta Sports,https://www.etsy.com/listing/4299270101/personalized-atlanta-american-football,0,0,0,Astucreate,1254,4.47,164,48,229
2026-09-05_17-14-48,personalized football gift,4299264436,Personalized Arizona Football Jersey Phone Case | Name & Number,280000.0,IDR,0,31,44814558,iPhone 15|Samsung S24|iPhone 16 Case|Google Phone Case|Arizona Cardinals|Arizona Football|Arizona Sports|Cardinals Fans|gift|Birthday gift|Gift for dad|Gift for family|Gift phone case,https://www.etsy.com/listing/4299264436/personalized-arizona-american-football,0,0,0,Astucreate,1254,4.47,164,48,229
2026-09-05_17-14-48,personalized football gift,4329584528,"Personalised Leeds United Football Teddy Bear, Custom Name & Number",14.99,GBP,10,778,39306229,Marching On Together|leeds united gift|leeds united teddy|leeds football gift|personalised teddy|football teddy bear|custom name teddy|name number bear|football fan gift|leeds gift for him|football birthday|football christmas|football keepsake,https://www.etsy.com/listing/4329584528/personalised-leeds-united-fc-marching-on,5,5.0,1771681220,Whatevergiftofficial,491,4.82,70,18,100
2026-09-05_17-14-48,personalized football gift,1763408067,Personalised Everton Mug | Any Year | Birthday gift |  Everton gifts | Everton Personalised Gift | Everton Merch | Year You Were Born Gift,13.32,GBP,11,746,52610817,Gift for him|Football gift|Personalised Mug|Year you were born|Birthday gift|Personalised gifts|Premier League|Everton|Everton gifts|Everton Mug|Everton cup|Everton Personalised|Everton fan,https://www.etsy.com/listing/1763408067/personalised-everton-mug-any-year,1,5.0,1759487034,MemorableGiftingCo,5455,4.87,794,427,170
2026-09-05_17-14-48,personalized football gift,4559498955,"Custom embroidered Mascot sweatshirt, Team Name School Spirit Gift, Back to School sweater, Game Day crewneck",44.99,USD,3,141,25571606,Custom Mascot|custom team name|custom school team|spirit sweatshirt|back to school sweat|personalized school|football sweatshirt|softball mom sweater|baseball mom sweater|varsity sweatshirt|alumni sweatshirt|embroidered crewneck|vintage sweatshirt,https://www.etsy.com/listing/4559498955/custom-embroidered-mascot-sweatshirt,0,0,0,RayAndAnnShop,33902,4.93,6380,11703,345
2026-09-05_17-14-48,personalized football gift,4370867190,"Sports Charm Personalized Name Bag charm : Backpack Tag, Diaper Bag Charm",26.0,USD,445,9420,31095730,Bag Charm|Personalized NameTag|Custom Name Tag|Backpack Name Tag|Goodie bag|Volleyball Team|Football team|Soccer ball|Toddler Boy name tag|Basketball keychain|baseball keychain|boys bag tag|Back to school gift,https://www.etsy.com/listing/4370867190/sports-charm-personalized-name-bag-charm,9,5.0,1788189090,NAMEPOPDesigns,861,4.99,102,224,27
2026-09-05_17-14-48,personalized football gift,4542407503,"Personalized Poke Game Football Jersey, Poke Game Football Jersey, Custom Name Number Shirt, Anime Gift for Kids, Gamer Football Jersey",46.0,USD,6,238,44957810,pokemon tee|pokemon merch|anime football|video game tee|pokemon lover|kids pokemon|birthday gift|boys jersey|personalized tee|nintendo fan|game character|pokemon outfit|Pikachu,https://www.etsy.com/listing/4542407503/personalized-poke-game-football-jersey,0,0,0,Hamsaha,12537,4.68,1707,870,674
2026-09-05_17-14-48,personalized football gift,4566665901,"Personalized Football Fall Doormat, Touchdowns and Pumpkins Custom Family Name Mat, Autumn Game Day Front Porch Decor, Football Fan Gift",54.02,USD,3,9,61584146,football doormat|fall football mat|touchdowns pumpkins|personalized mat|family name doormat|pumpkin doormat|game day decor|fall porch decor|football fan gift|custom family mat|autumn door mat|sports family gift|thanksgiving doormat,https://www.etsy.com/listing/4566665901/personalized-football-fall-doormat,0,0,0,CozyGiftNestStudio,1502,4.8,314,143,938
2026-09-05_17-14-48,personalized football gift,4362513958,"Tennessee Titans Burp Cloth: Football Baby Gift, Cotton Burp Rag",10.0,USD,0,12,6729648,Clares Clothesline|new baby gift|baby shower gift|Tennessee Titans|Nashville TN|Titans burp cloth|cotton burp rag|personalized name|newborn feeding|present for infant|NFL football|navy blue white|sports fan,https://www.etsy.com/listing/4362513958/tennessee-titans-burp-cloth-blue-titans,0,0,0,ClaresClothesline,9899,4.93,1783,1127,429
2026-09-05_17-14-48,personalized football gift,4386114748,"Custom Ball Pajama Pants, Personalized Softball/Basketball/Football/Volleyball/Soccer Team Gifts",8.99,USD,144,11355,26293811,Ball Lovers pajamas|balls player pant|Basketball Pajama|Football Pajama Pant|Soccer Pajama Pants|Baseball Pajama Pant|Tennis Pajama Pants|Billiard Pajama Pant|ballsports club pant|ballsport club party|teams gifts|softball pajamas|Valentine's pajamas,https://www.etsy.com/listing/4386114748/custom-ball-pajama-pants-personalized,25,4.8,1782198398,FancyCustomShop,5134,4.54,978,676,212
2026-09-05_17-14-48,personalized football gift,1425816898,"Cheer Necklace, Cheerleader Gift, Custom name Necklace, Initial Necklace, Sport jewelry, Sports Mom Necklace, Jersey Sport Numbers, Mom Gift",59.0,USD,5,281,25687072,Personalized jewelry|personalized gift|sports necklace|number necklace|name necklace|number pendant|sports jewelry|basketball Gift|baseball gift|soccer gift|golf Gift|Sports mom gift|Football Necklace,https://www.etsy.com/listing/1425816898/cheer-necklace-cheerleader-gift-custom,0,0,0,customdecordirect,13345,4.87,2972,853,635
2026-09-05_17-14-48,personalized football gift,4545796682,"Football Senior Mom Shirt, Customizable Football Mom Graphic, Personalized Name Tee, Senior Year Football Gift Idea",18.0,USD,4,49,48272167,football mom shirt|senior football|custom football|personalized mom|football senior gift|football mom gift|senior year shirt|favorite football|personalized gift|family football|team football mom|custom name shirt|football game mom,https://www.etsy.com/listing/4545796682/football-senior-mom-shirt-customizable,0,0,0,StyleFusionShirts,16503,4.86,2724,1016,693
2026-09-05_17-14-48,personalized football gift,4566939445,"Comfort Colors Custom Number and Name Shirt, Personalized Sports Mascot Tee,Your Number College Football Game Day Gift",18.0,USD,1,8,48272167,,https://www.etsy.com/listing/4566939445/comfort-colors-custom-number-and-name,0,0,0,StyleFusionShirts,16503,4.86,2724,1016,693
2026-09-05_17-14-48,personalized football gift,4539611956,"Football Senior Mom Shirt, Customizable Football Mom Graphic, Personalized Name Tee, Senior Year Football Gift Idea",18.0,USD,5,166,48272167,football game mom,https://www.etsy.com/listing/4539611956/football-senior-mom-shirt-customizable,1,5.0,1786676943,StyleFusionShirts,16503,4.86,2724,1016,693
2026-09-05_17-14-48,personalized football gift,4545176930,"Personalized Team Name Football Shirt, Game Day Tee, Touchdown Season, Team Fan Gift, Senior Mom Football Shirt, Player Name & Number",18.0,USD,1,69,48272167,team name shirt|custom football|football mama|football team shirt|football mom|football mom shirt|football shirt|game day football|game day shirt|personalized shirt|comfort colors|football gifts|senior football mom,https://www.etsy.com/listing/4545176930/personalized-team-name-football-shirt,1,5.0,1788394002,StyleFusionShirts,16503,4.86,2724,1016,693
2026-09-05_17-14-48,personalized football gift,4558687208,"Senior Football Mom 2027 Sweatshirt, Personalized Football Mom Hoodie, The Final Quarter Crewneck, Custom Senior Mom Shirt",40.51,USD,0,5,54069595,senior football mom|football mom 2027|senior mom hoodie|football mom hoodie|football crewneck|the final quarter|custom football mom|personalized mom|senior mom 2027|football mom gift|senior mom gift|game day mom|senior year mom,https://www.etsy.com/listing/4558687208/senior-football-mom-2027-sweatshirt,0,0,0,ColorByAyan,1968,4.88,406,240,1325
2026-09-05_17-14-48,personalized football gift,1770842532,"Custom Football Shirt for Football Aunt, Football Aunt Tshirt, That&#39;s My Nephew Custom T Shirt, Game Day Personalized Football Gift for Her",23.98,USD,149,5501,9102424,football aunt|football shirt|football tshirt|football t shirt|football t-shirt|football tee|personalized shirt|custom football|thats my nephew|football game day|football season|gift for aunt|football nephew,https://www.etsy.com/listing/1770842532/custom-football-shirt-for-football-aunt,10,4.9,1788549847,JaclynRoseDesign,57759,4.91,12654,6067,931
2026-09-05_17-14-48,personalized football gift,4559744449,"Personalized Football Jersey, Custom Name and Number Mesh Jersey, Men’s Sports Shirt, Football Fan Apparel, Game Day Gift",31.98,USD,0,49,61981304,Custom Bears Shirt|Bears Jersey|Bears Champion|Personalized Shirt|Bears V Neck Shirt|Chicago Fan Jersey|match-day jerseys|football fan gifts|All Stitched Jersey|personalized jerseys|Bears Fan Gift|Chicago Game Day|Custom Bears Jersey,https://www.etsy.com/listing/4559744449/personalized-football-jersey-custom-name,0,0,0,ArdelyneArtworks,300,4.83,31,42,792
2026-09-05_17-14-48,personalized football gift,4530524038,"Custom Football Mom Shirt with Photo, Personalized Football Sweatshirt, Football Mom Tee, Custom Player Name & Number Shirt,",30.0,USD,13,240,65364164,shirts|tshirt|tees|tshirts|football|custom football tee|football photo shirt|custom football|sweatshirt|football gift|personalized|football shirt|custom game day,https://www.etsy.com/listing/4530524038/custom-football-mom-shirt-with-photo,0,0,0,TrendychicappllcShop,1412,4.8,152,368,507
2026-09-05_17-14-48,personalized football gift,777383296,Alabama Crimson Tide &quot;Big Al&quot; Personalized Baby Pullover Bib - Officially NCAA Licensed!,22.0,USD,6,110,12643731,baby shower gift|unique baby gift|Alabama Crimson Tide|Crimson Tide baby|alabama baby|alabama baby gift|personalized alabama|personalized crimson|alabama bib|crimson tide bib|custom Alabama bib|sec football|alabama football,https://www.etsy.com/listing/777383296/personalized-ncaa-alabama-crimson-tide,0,0,0,DesignsByChadAndJake,11359,4.79,1583,850,3458
2026-09-05_17-14-48,personalized football gift,4556765121,"Personalized Football Sweatshirt and Hoodie, Custom Mascot Name Number Sweater WPS195",38.99,USD,62,1959,65674400,unisex hoodie|Unisex Sweatshirt|back to school|custom mascot hoodie|custom school gift|custom sports hoodie|football mascot|last day of school|personalized gift|school logo sweater|school spirit|team mascot sweater|custom college,https://www.etsy.com/listing/4556765121/personalized-football-sweatshirt-and,4,5.0,1788568925,WhitePurpleShop,694,4.96,67,347,360
2026-09-05_17-14-48,personalized football gift,4345274819,"Personalized Football Player Senior Graduation Photo Frame: Custom Made ANY Sport Team, 12x12 Mat",49.0,USD,9,285,6133705,Custom Made Sport|Senior Football Gift|12x12 Photo Frame|Custom Athlete Gift|Football Player Gift|Custom Photo Mat|Gift For Footballer|Sports Memory Frame|Made To Order Gift|Football Team Quote|Gift For Sport Lover|Graduation Photo Mat|Custom Sport Tribute,https://www.etsy.com/listing/4345274819/senior-graduation-football-photo,3,5.0,1758577771,PhotoFrameOriginals,30416,4.97,6214,7864,465
2026-09-05_17-14-48,personalized football gift,1598797106,"Custom House Divided Shirt, College Rivalry Tee, Sports Fan Gift",415000.0,VND,36,3626,28651218,Two Team T-shirt|Baseball T-shirt|Christmas decoration|house divided|personalized T-shirt|Family T-shirt|Custom Photo T-shirt|Divided house|Team support T-shirt|Football T-shirts|Team T-shirts|Custom House Divided|house divided baby,https://www.etsy.com/listing/1598797106/custom-house-divided-shirt-house-divided,0,0,0,EmmaWhiteApparel,11953,4.75,2358,1143,790
2026-09-05_17-14-48,personalized football gift,4558896596,"Custom Mascot Name And Number Racerback Tank Top, Personalized School Spirit Tee, Team Name Football Baseball Softball Game Day Gift, S1592",29.0,USD,2,31,60290025,Racerback Tank Top|Back to school shirt|Custom mascot shirt|Custom school shirt|School spirit shirt|school spirit tank|Team Spirit Shirt|Team mascot shirt|Game Day Shirt|high school mascot|name number top|custom team name,https://www.etsy.com/listing/4558896596/custom-mascot-name-and-number-racerback,0,0,0,Hearthlandfashiontee,7074,4.85,1021,1180,1601
2026-09-05_17-14-48,personalized football gift,4569611404,"Personalized Chicago Football T-Shirt, Custom Name & Number Game Day Jersey, Football Fan Gift",20.6,EUR,0,0,67818990,,https://www.etsy.com/listing/4569611404/personalized-football-t-shirt-custom,0,0,0,KNLBV,0,0,0,0,11
2026-09-05_17-14-48,personalized football gift,4329079271,Personalisierter Fußball Stundenplan aus Acryl | DIN A4 | Abwaschbar | Mit Holzsockel | Geschenk zur Einschulung | Fußballer | Fan Junge,5.0,EUR,196,5979,18365280,stundenplan|fußball stundenplan|personalisierter stundenplan|schulkind geschenk|schule organisation|DIN A4 stundenplan|kinderzimmer deko|fußball fan geschenk|schulanfang|acryl stundenplan|abwaschbarer stundenplan|fußballfeld|torwart,https://www.etsy.com/listing/4329079271/personalisierter-stundenplan-fussball,8,5.0,1788193987,Hochzeitideal,59500,4.81,10073,2459,1227
2026-09-05_17-14-48,personalized football gift,4411454437,"Custom football jersey name patch sewn embroidered label for backpacks, uniforms, and jackets. Choose your size plus patch and thread colors",15.0,USD,115,7378,62158224,custom patch|custom name patch|name tag|embroidered patch|stitched patch|player name patch|backpack patch|sew on patch|custom name DIY|celebration party|personalized sew on|child boy girl kid|varsity jacket gift,https://www.etsy.com/listing/4411454437/custom-football-jersey-name-patch-sewn,24,4.6,1788560209,CustomJerseyHub,1032,4.73,132,134,69
2026-09-05_17-14-48,personalized football gift,4545497110,"Family Matching Football Jerseys, Custom Name Number Shirt, Personalized Football Outfit for Dad Mom Baby Kids Birthday Gift",13.0,USD,77,6048,61927634,personalized jersey|toddler jersey|kids football jersey|baby football jersey|cheer jersey|baby jersey|nfl jersey|birthday jersey|football jersey|custom jersey|football shirt|family jersey|football birthday,https://www.etsy.com/listing/4545497110/family-matching-football-jerseys-custom,3,5.0,1788357219,FrenzyJerseyCustom,3087,4.89,324,492,45
2026-09-05_17-14-48,personalized football gift,4569592471,"Custom Football Mom Shirt, Personalized Player Name Number Tee, Custom Team Name Football Shirt, Game Day Mom Gift",18.0,USD,0,0,67239540,custom football|football mom shirt|player name shirt|custom team name|football number|personalized tee|game day shirt|football mom|player number tee|team spirit shirt|football gift|sports mom gift|custom football tee,https://www.etsy.com/listing/4569592471/custom-football-mom-shirt-personalized,0,0,0,BloomShire,52,0,0,22,250
2026-09-05_17-14-48,personalized football gift,4569593527,"Custom Football Sweatshirt, Personalized Player Name Number Hoodie, Custom Team Name Crewneck, Football Mom Game Day Gift",38.99,USD,0,0,67239540,custom football|football hoodie|football sweatshirt|custom team name|player name hoodie|custom number|football mom|game day hoodie|team spirit|player number|sports mom gift|football gift|custom team hoodie,https://www.etsy.com/listing/4569593527/custom-football-sweatshirt-personalized,0,0,0,BloomShire,52,0,0,22,250
2026-09-05_17-14-48,personalized football gift,4509169824,Joe Burrow Earrings - Cincinnati Bengals Football Fan Jewelry,20.0,USD,4,45,6642842,Cincinnati Bengals|joe burrow|nfl funny gift|christmas gift dad|tailgate accessories|season playoff|handmade stadium|championship victory|quarterback orange|unique personalized|personalized playoff|season game|number bowl jersey,https://www.etsy.com/listing/4509169824/joe-burrow-earrings-cincinnati-bengals,0,0,0,SonnyandKaitBoutique,834,4.94,178,136,39
2026-09-05_17-14-48,personalized football gift,4569595543,"Custom Football Racerback Tank Top, Personalized Player Name Number Tank, Custom Team Name Shirt, Game Day Mom Gift",28.0,USD,0,0,67239540,custom football|football tank top|racerback tank|custom team name|player name tank|custom number tank|football mom tank|game day tank|team spirit tank|player number|sports mom gift|football gift|custom team tank,https://www.etsy.com/listing/4569595543/custom-football-racerback-tank-top,0,0,0,BloomShire,52,0,0,22,250
2026-09-05_17-14-48,personalized football gift,1295860849,"Football Nana Shirt,Glitter, Football Nana Shirt,Football Mom Tee,Football Grandma Shirt,Football Aunt Gift,Custom Football Shirt",30.99,USD,108,6343,15858910,Cute Football|Football Mom Shirt|Glitter Football|Football Shirt|Glitter Football Mom|Custom Football Mom|Personalized|Wildcats|Eagles|Warriors|Football Nana Shirt|Football Aunt Gift|Football Aunt,https://www.etsy.com/listing/1295860849/football-nana-shirtglitter-football-nana,5,5.0,1770063731,KINANDNEEDLE,54411,4.95,10268,3372,393
2026-09-05_17-14-48,personalized football gift,4569596801,"Custom Football V Neck Shirt, Personalized Player Name Number Tee, Custom Team Name V-Neck, Football Mom Game Day Gift",31.0,USD,0,0,67239540,football v neck|custom football|football mom shirt|custom team name|player name shirt|custom number tee|game day v neck|football mom|team spirit tee|player number|sports mom gift|football gift|custom team shirt,https://www.etsy.com/listing/4569596801/custom-football-v-neck-shirt,0,0,0,BloomShire,52,0,0,22,250
2026-09-05_17-14-48,personalized football gift,1686452268,"Affiches football pour enfants couleur sauge - 3 posters personnalisés prénom - goal, terrain et maillot",14.0,EUR,238,14748,29623742,ensemble d'affiches|poster pour salle de jeux|affiches enfants 50x70|illustrations grand format|décoration chambre frères|affiche sport pour enfants|déco football enfant|poster maillot de football|maillot de foot personnalisé|affiche foot prénom enfant|cadeau foot pour enfant|déco foot chambre enfant|posters trio sport enfant,https://www.etsy.com/listing/1686452268/affiches-football-pour-enfants-couleur,3,4.666666666666667,1782069408,CalypsoKids,7555,4.9,996,1049,558
2026-09-05_17-14-48,personalized football gift,4543227932,"Custom School Mascot Football Team DTF Transfers, Customizable School Mascot Ready To Press, Custom Football Basketball Softball Hockey",0.9,USD,40,544,60269128,First Day Of School|custom Team shirts|Personalized School|Personalized Team|School mascot shirt|School Team Name Tee|college team sweat|high school mascot|school spirit gift|Ready To Press|Custom Football|football mascot name|Customizable Team,https://www.etsy.com/listing/4543227932/custom-school-mascot-football-team-dtf,0,0,0,HeatPressDTF,1217,4.79,132,236,387
2026-09-05_17-14-48,personalized football gift,4554334781,Custom Text 3D Embroidered Striped Baseball Cap: Personalized Athletic Headwear,30.99,USD,135,3084,65304170,Custom Trucker Hat|Team Spirit Merch|tailgate outfit|custom team merch|varsity font cap|game day accessory|Personalized Caps|football mom gift|sports fan gift|College Football Hat|Athletic Script Cap|Custom Mascot Gift|group matching hats,https://www.etsy.com/listing/4554334781/custom-text-3d-embroidered-striped,0,0,0,OldSoulCaps,517,4.76,41,278,263
2026-09-05_17-14-48,personalized football gift,4565689166,"Personalized Football Team Wreath Sash, Custom College Football Front Door Decor, Game Day Porch Decor, Football Player Gift",24.97,USD,1,14,35207881,fall wreath sash|wreath sash|front door decor|game day decor|tailgate decor|fall door decor|custom wreath sash|monogrammed sash|college football|monogram decor|custom football|football team gift|Football Wreath Sash,https://www.etsy.com/listing/4565689166/personalized-football-team-wreath-sash,0,0,0,iPersonalizedGift,44129,4.89,8286,2378,720
2026-09-05_17-14-48,personalized football gift,4569623014,"Personalized Tampa Bay Football T-Shirt, Custom Name & Number Game Day Jersey, Football Fan Gift",20.6,EUR,0,0,67818990,,https://www.etsy.com/listing/4569623014/personalized-tampa-bay-football-t-shirt,0,0,0,KNLBV,0,0,0,0,11
2026-09-05_17-14-48,personalized football gift,4479828063,Football Personalized Keychain / Keyring / Bag Tag / Name Tag - 3D Printed Plastic / Flag Football / Start End of Season Gift / Team Gift,3.45,USD,129,2948,62897228,Football|Bag Tag|End of Season|Basketball|Soccer|Custom Name|Personalized Name|Key Chain|football keychain|football name tag|football mom|personalized keyring|football team gifts,https://www.etsy.com/listing/4479828063/football-personalized-keychain-keyring,37,5.0,1788112418,3DYaYaLayers,3716,4.96,639,551,34
2026-09-05_17-14-48,personalized football gift,1871969812,"Baseball, Football, Basketball Sports Pacifier Clip • Personalize with Baby Boy or Girl Name • Custom Sports Mom Gift for Newborn",16.99,USD,257,5132,17957544,baby boy gift|new mom gift|silicone baby|custom baby gift|personalized baby|baseball|basketball|football|soccer|boy mom|baby gifts|gift newborn|new dad gift,https://www.etsy.com/listing/1871969812/baseball-football-basketball-sports,19,5.0,1787149132,knotified,7137,4.98,1964,1401,324
2026-09-05_17-14-48,personalized football gift,1467624673,Personalised Name Sign - Door Sign - Name sign - Any Colour - Any Name - Name Plaque - 3d Printed - custom name sign - bedroom door sign,6.99,GBP,1124,62533,35508264,door sign|door plaque|name sign|name plaque|personalised sign|personalised gift|3d printed|keyring|football|multicolour|decorating|cheap gift|custom name sign,https://www.etsy.com/listing/1467624673/personalised-name-sign-door-sign-name,103,5.0,1788587021,3dprintsac,14401,4.89,1948,555,30
2026-09-05_17-14-48,personalized football gift,4507052208,"Personalisierte Schokolinsen Fußball Motive | Fußballparty Süßigkeiten | Schokolinsen mit Tor, Pokal, Pfeife & Trikot | Kindergeburtstag WM",7.99,EUR,45,638,39326016,schokolinsen|fußball party|kindergeburtstag|gastgeschenk|fußball süßigkeiten|fußball motive|party mitgebsel|fußball geburtstag|süßigkeiten party|fußball wm|fußball wm süßigkeiten|wm party|turnier snack,https://www.etsy.com/listing/4507052208/personalisierte-schokolinsen-fussball,0,0,0,SalonBuck,1117,4.85,148,247,36
2026-09-05_17-14-48,personalized football gift,4490670968,"Custom Mascot Shirt, Retro School Spirit Tee, Personalized Team Name Gift",16.65,USD,0,59,44108895,back to school shirt|school mascot shirt|cheer mascot shirt|school spirit shirt|team mascot shirt|high school team|pennat color shirt|football mom shirt|fall football shirt|custom team shirt|custom school name|cheer mom shirt|sports mom shirt,https://www.etsy.com/listing/4490670968/custom-mascot-shirt-retro-school-spirit,0,0,0,RedBubbleApparel,28157,4.82,5182,1210,1576
2026-09-05_17-14-48,personalized football gift,4533243006,"Personalized House Divided Garden Flag, Custom Sports Team Yard Flag, Football Game Day Porch Decor, Family Rivalry Outdoor Flag, Team Gift",16.35,USD,66,1955,64393137,house divided|garden flag|custom yard flag|sports flag|team flag|rivalry flag|football decor|game day decor|tailgate flag|family rivalry|custom colors|outdoor flag|porch flag,https://www.etsy.com/listing/4533243006/personalized-house-divided-garden-flag,17,4.9,1788310674,LumiNestGifts,294,4.74,46,101,154
2026-09-05_17-14-48,personalized football gift,4561992301,"Custom Cleveland Browns Dog Bandana - Over Collar, Personalized Name Option, XS-XL, Cotton/Poly Blend",10.0,USD,1,16,20827568,gift for dog|dog clothes|dog accessories|pet bandana|gift for dog owner|Over The Collar|Football dog bandana|Browns|Cleveland Browns|Gift for Browns fan|Browns dog bandana|Name dog bandana|personalize,https://www.etsy.com/listing/4561992301/custom-cleveland-browns-dog-bandana-over,0,0,0,MykaMayPetBoutique,1087,4.9,169,144,193
2026-09-05_17-14-48,personalized football gift,4365627175,Custom Baseball Name Sticker: Waterproof Vinyl Label,1.96,USD,367,10733,58102944,waterproof sticker|personalized sticker|name sticker|customized sticker|water bottle sticker|name labels|sports team stickers|sports name stickers|sport number sticker|football sticker|team number sticker|sports team sticker|laptop stickers,https://www.etsy.com/listing/4365627175/custom-baseball-name-sticker-waterproof,52,4.9,1788307238,HomeGiftsTX,29182,4.89,3570,2942,208
2026-09-05_17-14-48,personalized football gift,1867346845,"Personalized Football Wall Art, Soccer Prints, Custom Soccer Poster, Soccer Gift for Boys Bedroom Soccer Decor Kids Room Decor Soccer Jersey",6.45,GBP,565,17508,36622058,personalised prints|soccer prints|soccer wall art|soccer posters|soccer gifts|soccer bedroom art|football gifts|personalized art|custom soccer|soccer art|custom football|boys wall art|gift for boys,https://www.etsy.com/listing/1867346845/personalized-football-wall-art-soccer,26,5.0,1787944812,DecorByReece,26482,4.92,2628,1739,850
2026-09-05_17-14-48,personalized football gift,4569607151,"Personalized Buffalo Football T-Shirt, Custom Name & Number Game Day Jersey, Football Fan Gift",20.6,EUR,0,0,67818990,,https://www.etsy.com/listing/4569607151/personalized-buffalo-football-t-shirt,0,0,0,KNLBV,0,0,0,0,11
2026-09-05_17-14-48,personalized football gift,4561207482,"Personalized Senior Football Mom Shirt, Comfort Colors Senior Night Tee, The Final Quarter Shirt, Custom Player Photo Football Mom Gift",10.3,USD,15,227,56108290,comfort colors tee|game day tee|football fan tee|football mama tee|senior mom tee|gift for mom|football mom|custom photo shirt|senior mom shirt|football mom shirt|school mascot shirt|senior mom 2026|senior football gift,https://www.etsy.com/listing/4561207482/personalized-senior-football-mom-shirt,0,0,0,HarmonyMine,11630,4.84,967,726,921
2026-09-05_17-14-48,personalized football gift,4342217870,"Personalized College Football Cups, Styrofoam, Roadie, Tailgate, Texas Tailgate, Guns Up, Texas, Wreck Em, Guns Up, Raiders, Tailgating",79.0,USD,3,49,13851571,tailgate|texas football|Texas longhorns|football cups|horns|frog water|Texas Tech|Wreck Em|Guns Up|Whoop|Gig Em|Aggies|Texas,https://www.etsy.com/listing/4342217870/personalized-college-football-cups,0,0,0,EloquenceInk,27206,4.97,4568,3196,744
2026-09-05_17-14-48,personalized football gift,4536043037,"Baby Football Romper, Custom Name Baby Romper, Football Onesie Overalls, Hand Embroidered Baby Football Outfit, Baby Dungarees with Name",37.99,CAD,720,17253,56838585,Baby football romper|baby football outfit|baby football gift|baby football onesie|baby name romper|Baby Dungarees|game day outfit|custom baby romper|football fan gift|personalized romper|sport team outfit|embroidered romper|personalized gift,https://www.etsy.com/listing/4536043037/baby-football-romper-custom-name-baby,10,4.6,1788619169,BabyblssDesigns,4551,4.8,449,783,19
2026-09-05_17-14-48,personalized football gift,4569606249,"Personalized Green Bay Football T-Shirt, Custom Name & Number Game Day Jersey, Football Fan Gift",20.6,EUR,0,0,67818990,,https://www.etsy.com/listing/4569606249/personalized-green-bay-football-t-shirt,0,0,0,KNLBV,0,0,0,0,11
2026-09-05_17-14-48,personalized football gift,4545341399,"Sports Bear Baby Mobile, Crochet Crib Mobile, Handmade Teddy Bear Nursery Decor, Personalized Baby Mobile, Baby Shower Gift, Newborn Gift",59.9,USD,18,869,60402634,sports baby mobile|bear baby mobile|crochet mobile|crochet baby gift|teddy bear mobile|crib mobile|nursery mobile|baby crib decor|sports nursery|football mobile|baseball mobile|basketball decor|baby shower gift,https://www.etsy.com/listing/4545341399/sports-bear-baby-mobile-crochet-crib,0,0,0,SolariaCharm,948,4.17,151,99,106
2026-09-05_17-14-48,personalized football gift,4519495570,Personalized Soccer Ball Letter Pillow Custom Initial Pillow With Name Pillow Soccer Pillow Football Lover Player Fans Gift World Cup 2026,160800.0,IDR,228,3262,66117491,soccer letter pillow|soccer pillow|soccer Gifts|letter soccer pillow|letter pillow|football cushion|soccer ball letter|soccer name pillow|soccer pillow name|soccer ball cushion|name letter cushion|initial pillow|Soccer Ball Lover,https://www.etsy.com/listing/4519495570/personalized-soccer-ball-letter-pillow,4,4.75,1788415768,PopStoreViaGoods,89,4.8,5,30,8
2026-09-05_17-14-48,personalized football gift,4538642173,"Personalized Los Angeles Baby Name Number Football Dress, Custom Team Name Baby Jersey Dress, Girls Game Day Outfit",225.38,HKD,10,303,66647931,football baby dress|personalized baby|custom baby dress|baby girl football|game day outfit|football baby gift|baby shower gift|team name outfit|name number dress|football toddler|first game day|sports baby outfit|football outfit girl,https://www.etsy.com/listing/4538642173/personalized-los-angeles-baby-name,0,0,0,TinyNumberNest,298,5,10,158,64
2026-09-05_17-14-48,personalized football gift,4542547533,"Custom Chenille Embroidered Sweatshirt, Personalized Name 3D Fuzzy Letter Crewneck, Varsity Game Day Sweater, Team Spirit Gift for Her",29.99,USD,253,5565,51012693,Chenille Sweatshirt|Chenille Embroidery|Fuzzy Letter Sweater|3D Embroidered Top|Custom Sweatshirt|Personalized Sweater|Varsity Crewneck|Game Day Sweatshirt|Team Spirit Shirt|Football Mom Shirt|Embroidered Crewneck|Custom Name Sweater|Textured Sweatshirt,https://www.etsy.com/listing/4542547533/custom-chenille-embroidered-sweatshirt,3,5.0,1787945381,Shikallc,688,4.49,112,145,10
2026-09-05_17-14-48,personalized football gift,1901516611,"1986 Personalised Football Birthday Year Print – 40th Birthday Gift – Any Club, Any Year – Football Fan Present",8.0,GBP,55,4287,34850556,Birthday Gift|Manchester|Chelsea|Rangers|Football Birthday|Birmingham city|40th birthday gift|Leicester|1986 birthday gift|football fan gift|birth year gift|football history|football year print,https://www.etsy.com/listing/1901516611/personalised-football-history-poster-of,14,5.0,1787065780,HomeFansFC,9807,4.92,1511,500,34
2026-09-05_17-14-48,personalized football gift,4389170224,"Personalized Soccer Wall Art – Custom Name & Number Print Set – Boys Room Decor – Sports Poster Gift – Football Art, Digital Download, H3520",13.5,USD,255,6406,8252569,soccer wall art|boys room decor|sports print set|football art|name wall art|custom jersey|kids sport art|teen wall print|sport poster|soccer decor|boys wall art|game room art|sports wall art,https://www.etsy.com/listing/4389170224/personalized-soccer-wall-art-custom-name,3,3.6666666666666665,1777735075,HopAndPop,55787,4.93,6561,6614,888
2026-09-05_17-14-48,personalized football gift,1129266786,House Divided Door Sign | House Divided Sign | House Divided Wreath | Football Wreath | Football Front Door Decor | Personalized Sports Sign,80.0,USD,804,28187,32620862,door hangers|house divided sign|sports wreaths|sports signs|front porch decor|house divided wreath|house divided flag|divided doormat|football door sign|house divided door|Ohio state|personalized gift|sports fan gift,https://www.etsy.com/listing/1129266786/house-divided-door-sign-house-divided,102,5.0,1788533858,KayLewisDesigns,21869,4.96,5965,4728,578
2026-09-05_17-14-48,personalized football gift,4459440869,Personalised Portsmouth FC Baby Gift: Football Teddy Bear Bib Vest Romper Sets,6.99,GBP,3,165,25756032,babygrow|baby vest|babygrows|baby vests|football baby vest|Mini Fan|Mini Football Fan|1st Football Match|personalised teddy|Portsmouth FC|Portsmouth Baby Gift|Portsmouth FC Teddy|Portsmouth Baby Vest,https://www.etsy.com/listing/4459440869/personalised-portsmouth-fc-baby-gift,0,0,0,GiftObsessionStore,2529,4.58,326,186,415
2026-09-05_17-14-48,personalized football gift,4569618038,"Personalized Philadelphia Football T-Shirt, Custom Name & Number Game Day Jersey, Football Fan Gift",20.6,EUR,0,0,67818990,,https://www.etsy.com/listing/4569618038/personalized-philadelphia-football-t,0,0,0,KNLBV,0,0,0,0,11
2026-09-05_17-14-48,personalized football gift,4562622650,"Personalized Chelsea Baby Jersey Bodysuit,  Baby Football Outfit",39.99,CAD,4,327,52556260,baby football|Liverpool gift|custom baby gift|football romper|personalized baby|baby soccer outfit|football baby|baby boy gift|soccer romper|Chelsea baby|Chelsea baby kit|Chelsea fan gift|Chelsea newborn,https://www.etsy.com/listing/4562622650/personalized-chelsea-baby-jersey,0,0,0,ArtifactsAccessories,566,4.67,42,122,83
2026-09-05_17-14-48,personalized football gift,4513077222,"Personalized Baby Football Outfit, Baby Romper Football Overalls, Football Fan Gift, Gift for Football Lover,Baby Shower Gift, Baby Clothes",27.32,CAD,80,2491,45903352,Monogrammed overalls|Baby Overalls|Personalized romper|baby name romper|baby Dungarees|Baby Football Outfit|Football fan gift|baby football romper|embroidered overalls|name jumpsuit|newborn overalls|Toddler Dungaree|football lover gift,https://www.etsy.com/listing/4513077222/personalized-baby-football-outfit-baby,5,5.0,1787764084,KittyDoris,8093,4.88,1340,1028,33
2026-09-05_17-14-48,personalized football gift,1738114179,Aston Villa Football Team Personalised Mug,10.99,GBP,2,445,51217502,Coffee mugs|custom mugs|funny mug|quotes mug|gift mug|gift for friend|gift for her|gift for him|personalised mug|text mug|keep calm mug|coffee mug,https://www.etsy.com/listing/1738114179/aston-villa-football-team-personalised,2,4.5,1765615289,SezzarShop,711,4.65,95,39,75
2026-09-05_17-14-48,personalized football gift,4438895774,Personalised When I Wake Up I Will Be Football Pyjamas with Name & Age ~ Birthday Gift Boy Girl ~ Stripe Pjs ~ Various Colours Available,18.99,GBP,0,138,12809083,kids pjs|kids pyjamas|childrens pjs|custom pjs|name pjs|red stripe pjs|football pjs|football fan pjs|soccer fan pjs|when i wake up pjs|kids football pjs|when i wake up pj|birthday pjs,https://www.etsy.com/listing/4438895774/personalised-when-i-wake-up-i-will-be,1,5.0,1780694757,designs4ushop,51824,4.89,7369,1469,1017
2026-09-05_17-14-48,personalized football gift,4569617614,"Personalized Football Game Day Tee, Custom Player Number Shirt, High School Cheer Top, Team Spirit Shirt, Football Mom Gift, Custom Tee",13.85,USD,0,0,52885600,football game day|custom number|player tee|football shirt|cheer top|high school tee|team spirit|football mom|custom tee|school spirit|football gift|spirit shirt|cheer gift,https://www.etsy.com/listing/4569617614/personalized-football-game-day-tee,0,0,0,GoldenTeeUS,3014,4.83,512,115,2068
2026-09-05_17-14-48,personalized football gift,4569617602,"Custom Football Number Tee, Personalized High School Game Day Comfort Color Shirt, Cheer Spirit Top, Team Shirt, Football Mom Gift,",39.15,USD,0,0,52885600,number tee|custom football|football number|game day shirt|cheer spirit|team shirt|football mom|custom player|high school shirt|school spirit|football tee|spirit wear|game day tee,https://www.etsy.com/listing/4569617602/custom-football-number-tee-personalized,0,0,0,GoldenTeeUS,3014,4.83,512,115,2068
2026-09-05_17-14-48,personalized football gift,1785983395,"Personalized Boys Football Bag, Dallas Football, Name Football Bag, Bag Tag Football,  Football Student, Football Coach Gift,Football Player",54.99,USD,0,64,52290558,boys Football Bag|Football Team|Name Football Bag|Bag Tag Football|Football Student|Football Coach Gift|Football Player gift|gym bag|duffle bag boy|holdall bag|men's duffle bag|personalized duffel|Dallas Cowboys,https://www.etsy.com/listing/1785983395/personalized-boys-football-bag-dallas,0,0,0,DobrysDen,544,4.9,164,66,133
2026-09-05_17-14-48,personalized football gift,4526220939,"Custom Checkered Mascot Design Shirt, Personalized School Spirit Tee, Custom Team Name Football Shirt, Game Day Outfit, Coach Gift",19.18,USD,148,3491,24858060,school spirit tee|mascot shirt|team name tee|game day shirt|football mom tee|coach gift|pep rally shirt|custom mascot|sports team tee|rally day outfit|checkered tee|varsity style|fan gear gift,https://www.etsy.com/listing/4526220939/custom-checkered-mascot-design-shirt,2,4.0,1787853478,MojoSticker,194441,4.65,32527,9318,13153
2026-09-05_17-14-48,personalized football gift,4493462655,"Custom Mascot T-Shirt, Retro School Spirit Tee, Personalized Team Name Gift",16.65,USD,62,2117,55793990,back to school shirt|school mascot shirt|cheer mascot shirt|school spirit shirt|team mascot shirt|high school team|pennat color shirt|football mom shirt|fall football shirt|custom team shirt|custom school name|cheer mom shirt|sports mom shirt,https://www.etsy.com/listing/4493462655/custom-mascot-t-shirt-retro-school,4,4.5,1788478306,HoneyWaveShirt,6757,4.79,860,1486,1521
2026-09-05_17-14-48,personalized football gift,4569604139,"Personalized Detroit Football T-Shirt, Custom Name & Number Game Day Jersey, Football Fan Gift",20.6,EUR,0,0,67818990,,https://www.etsy.com/listing/4569604139/personalized-detroit-football-t-shirt,0,0,0,KNLBV,0,0,0,0,11
2026-09-05_17-14-48,personalized football gift,1576052942,"Embossed Customized Coach Gift, Personalized Coach shirt, School colors Coach Sweatsuit, Quarter Zip Sweatshirt, College Coach, Sports Coach",46.48,USD,15,636,11956550,gift for coach|coach shirt|coach sweatshirt|team sweatshirt|college coach|Coach sweatsuit|Football Team Gift|PE Teacher Gift|End of Season Gift|personalized coach|football coach gift|coach gift|team gift,https://www.etsy.com/listing/1576052942/embossed-customized-coach-gift,0,0,0,Up2ournecksinfabric,621192,4.87,112551,35220,1494
2026-09-05_17-14-48,personalized football gift,4330058195,"Personalized Football Birthday Kids Shirts, Football Birthday Party Outfit, Sports Baby Romper, Football Fan Toddler, Birthday Boy Gift",18.99,USD,104,2325,58609276,baby shower gifts|Baseball Toddler|baby announcement|new baby gift|Baby Sport Gift|coming home outfit|custom baby name|pregnancy reveal|birthday boy outfit|football Baby Fan|football theme party|football toddler|football romper,https://www.etsy.com/listing/4330058195/personalized-football-birthday-kids,8,4.875,1787096183,TogetherWearStore,12089,4.71,1105,1241,685
2026-09-05_17-14-48,personalized football gift,4398992565,"Personalised Football Wall Art, Football Gifts for Boys Room, Boys Bedroom Decor, Football Prints, Custom Name & Number",6.19,GBP,69,1099,36622058,football gifts|personalised boys|gifts for boys|football poster|football prints|football wall art|football jersey|football shirts|boys room decor|teen boy gift|gifts for teens|modern boys room|football decor,https://www.etsy.com/listing/4398992565/personalised-football-wall-art-football,2,5.0,1788588090,DecorByReece,26482,4.92,2628,1739,850
2026-09-05_17-14-48,personalized football gift,1882093895,Custom Soccer Ticket Template | Surprise Gift Soccer Tickets | Sports Soccer Football Personalized Ticket | Soccer Game Stub,1.5,USD,1,130,37855631,physical ticket|commemorative ticket|customizable ticket|custom ticket|sports ticket|personalize ticket|sports event ticket|soccer keepsake|soccer ticket gift|soccer ticket|college soccer|custom soccer stub|soccer game stub,https://www.etsy.com/listing/1882093895/custom-soccer-ticket-template-surprise,0,0,0,HappyStationaryHub,9137,4.75,500,506,491
2026-09-05_17-14-48,personalized football gift,1354981461,The Lions - 1987 Home Retro Football Apron,19.98,GBP,3,120,27039650,Apron|Football|Retro|Gift|Showerproof|BBQ|Cooking|Personalised|The Lions,https://www.etsy.com/listing/1354981461/the-lions-1987-home-retro-football-apron,0,0,0,BritishMadeGifts,14695,4.76,2408,692,4277
2026-09-05_17-14-48,personalized football gift,1577102298,"Man Utd Personalised Born to Support Manchester United Just Like Daddy, Grandad, Mummy, Football Baby Vest | Bodysuit | Baby Gift | New Baby",14.49,GBP,5,620,42278156,Man Utd|Born to Support|Manchester|Just Like Daddy|Football Baby Vest|Football Baby Gift|Football Bodysuit|New Baby Gift|Christmas Gift|Born to Love|Football Fans|Personalised Vest|christmas,https://www.etsy.com/listing/1577102298/man-utd-personalised-born-to-support,1,5.0,1787228714,SimpleSallyStudio,3548,4.68,319,94,781
2026-09-05_17-14-48,personalized football gift,4569603209,"Custom School Mascot Sweatshirt, Personalized Game Day Crewneck, Team Shirt, Football Mom Gift, Custom Sweater, Sports Sweatshirt",34.99,USD,0,0,62584452,football sweatshirt|mascot sweatshirt|school mascot shirt|custom school shirt|custom mascot shirt|back to school shirt|cheer mom sweatshirt|team sweatshirt|personalized hoodie|game day crewneck|custom sweater|sports sweatshirt|football mom gift,https://www.etsy.com/listing/4569603209/custom-school-mascot-sweatshirt,0,0,0,ShineSmileCreate,188,4.92,25,67,238
2026-09-05_17-14-48,personalized football gift,1740354064,"Custom Football Mom Shirt, Personalized Football Shirt, Game Day Football Hoodie, Football Girlfriend Sweatshirt, Glitter Football Shirt",27.5,USD,5,188,23320607,Football Mom Shirt|Football Shirt|Oversized Sweatshirt|Plus Size Clothing|Personalized Gift|Football Nana Aunt|Senior Football|Football Mom Life|School Mascot Shirts|Football Girlfriend|Custom Sports Shirt|Spiritwear Spirit|Wear Apparel,https://www.etsy.com/listing/1740354064/custom-football-mom-shirt-personalized,1,5.0,1760737573,EmZeeDesignsCo,44857,4.86,8455,3705,1679
2026-09-05_17-14-48,personalized football gift,4432977830,"Custom Name Number Logo Cropped White Green Football Jersey for Women, Personalized Mesh Jersey Cheer Crop Top, Football Jersey for Girls",15.95,USD,5,527,44798521,Personalized jersey|women's jerseys|football women|women crop jersey|custom jersey women|team custom shirt|cheer jersey|sports crop top|Gift for her|Streetwear Top|Cropped Football|Retro Sport Style|cropped mesh jersey,https://www.etsy.com/listing/4432977830/custom-name-number-logo-cropped-white,0,0,0,LIAMJERSEY,5901,4.73,670,777,814
2026-09-05_17-14-48,personalized football gift,856666465,West Brom Football Baby Bib: Embroidered Cotton Dribble Bib,8.99,GBP,0,54,19294795,Personalized|baby shower|new born|baby blanket|Christening gifts|Embroidery|super cute|Baby bibs|gift ideas for baby|grandchild|Football|Soccer|chelsea,https://www.etsy.com/listing/856666465/west-brom-football-baby-bib-embroidered,0,0,0,StaceysBabyBoutique,10298,4.93,1751,301,102
2026-09-05_17-14-48,personalized football gift,4373627147,Baby Body Personalisiert im Galatasaray Design für Fußball fans | Geschenk zur Geburt für Jungen und Mädchen | 100 % Bio Baumwolle,9.99,EUR,39,6435,59955089,Babybody mit Nachname|Baby body mit Nachname|Babybody personalisiert|Baby body personalisiert|personalisierter Body|Baby body Name|Babybody Name|neugeborenen geschenk|geburtsgeschenk|babygeschenk personalisiert,https://www.etsy.com/listing/4373627147/baby-body-personalisiert-im-galatasaray,9,4.555555555555555,1786224570,LiyLid,1530,4.95,274,100,42
2026-09-05_17-14-48,personalized football gift,4530129183,Personalized Sports Bogg Bag Name Charm | Custom Baseball Softball Football Bag Tag | Acrylic Name Charm | Team Mom Gift,14.99,USD,63,899,16476459,sports gift|game day|custom bag charm|team mom gift|bogg accessories|acrylic name tag|custom name tag|softball mom|sports bag charm|personalized|bogg bag charm|football mom|baseball mom,https://www.etsy.com/listing/4530129183/personalized-sports-bogg-bag-name-charm,0,0,0,RoamWithShae,9642,4.9,2061,488,10
2026-09-05_17-14-48,personalized football gift,4561293707,"Personalized Team Custom Initial VNeck Shirt with Number and Sleeve Print, Schoool Spirit V-Neck Tee, Game Day Gift",31.0,USD,12,605,48761225,V-Neck Shirt|VNeck Tee|custom spirit shirt|team spirit shirt|game day shirt|custom team shirt|sports mom shirt|player number tee|custom initial tee|team name shirt|football mom shirt|baseball mom shirt,https://www.etsy.com/listing/4561293707/personalized-team-custom-initial-vneck,1,5.0,1788479412,CustomRapidTee,11598,4.83,1702,1144,996
2026-09-05_17-14-48,personalized football gift,1693251589,Tennessee Stationery Notecards: University College Mascot Thank You Note Card | Graduation Gift (Large 5.5x8.5),20.0,USD,41,1011,26981909,Custom Flat Notecard|Monogram Stationery|Preppy Stripes Note|Smokey Mascot Dog|Tennessee Football|UT Vols College|Thank You Card Note|Graduation Student|Big Orange Bow Gift|Watercolor State Map|Personalized Gift|Girly Coquette Bow|Knoxville Fans Home,https://www.etsy.com/listing/1693251589/personalized-tennessee-vols-stationery,2,5.0,1765378679,LulaMerleCo,5465,4.99,1206,750,290
2026-09-05_17-14-48,personalized football gift,1687300083,"Christian Football Player Personalized Canvas, Wall Football Art Print, Custom Framed Canvas, Football Gift for Dad, Husband, Son",27.89,USD,109,3674,45617900,personalized poster|sports gifts|personalized canvas|gift for son|football poster|football wall art|football canvas|football mom|football player|football gifts|football dad|gift for boyfriend|custom name number,https://www.etsy.com/listing/1687300083/christian-football-player-personalized,1,4.0,1769009733,VanHaoEComLLCStore,8216,4.66,1269,461,1620
2026-09-05_17-14-48,personalized football gift,4349237809,"Personalized Football Mom Shirt, Those Are My Boy Shirt, Football Kids Game Day Tee Retro Cheer Mom Tee Football Gift For Her Him Sports Mom",22.88,USD,215,7980,58274742,mom shirt|football mom|cheer mom shirt|Cheer Shirt|gift for mom dad|football season|football mom gift|jersey number shirt|cute football|cheer mom tee|Gameday tee|school football team|football lover shirt,https://www.etsy.com/listing/4349237809/personalized-football-mom-shirt-those,30,4.6,1788440759,ZenTeeGifts,7936,4.82,1356,1206,559
2026-09-05_17-14-48,personalized football gift,4362524855,Personalized Just a Girl Who Loves Football Ornament with Custom Team Logo,31.41,USD,1,11,54852640,christmas ornament|wooden ornament|xmas tree ornament|custom ornament|christmas decoration|house divided|personalized team|football ornament|football fan gift|custom logo ornament|football christmas|sports ornament|girl loves football,https://www.etsy.com/listing/4362524855/personalized-just-a-girl-who-loves,0,0,0,SGCraftedJoy,4122,4.66,806,622,1134
2026-09-05_17-14-48,personalized football gift,546752337,Cutting Board Personalized Football Theme Football Gifts Game Day Touchdown End Game Gift for Sports Fan Wedding Gifts for couple Wood,76.0,USD,206,4849,12631363,laser engraved|custom cutting board|wedding gift|anniversary gift|personalized gift|WoodEnvy|housewarming gift|kitchen tools|sports|football|game day|sport themed wedding|touchdown,https://www.etsy.com/listing/546752337/cutting-board-personalized-football,0,0,0,WoodEnvyDotCom,9062,4.87,2078,2409,295
2026-09-05_17-14-48,personalized football gift,4362532089,"Personalized Football Ornament – Custom Name, Keepsake Christmas Gift",14.99,USD,0,1,60216463,custom name ornament|youth football gift|custom team ornament|football ornament|sports ornament|Christmas ornament|jersey ornament|athlete keepsake|sporty decor|American football|Football Boy|Football players|Team Christmas,https://www.etsy.com/listing/4362532089/personalized-football-ornament-custom,0,0,0,SnizokBAS,248,4.85,56,11,269
2026-09-05_17-14-48,personalized football gift,4559230279,"Embroidered Custom Sports Team Sweatshirt, Patchwork Applique Embroidered Crewneck, Personalized Team Mascot Sweatshirt, School Spirit Gift",52.82,USD,57,1410,52978710,custom sweatshirt|sports sweatshirt|team sweatshirt|patchwork applique|team spirit wear|mascot sweatshirt|school sweatshirt|embroidered gift|varsity sweatshirt|custom mascot|football mom gift|baseball mom|basketball gift,https://www.etsy.com/listing/4559230279/embroidered-custom-sports-team,0,0,0,DangExpress,1147,4.55,114,237,248
2026-09-05_17-14-48,personalized football gift,4569614772,"Personalized Las Vegas Football T-Shirt, Custom Name & Number Game Day Jersey, Football Fan Gift",20.6,EUR,0,0,67818990,,https://www.etsy.com/listing/4569614772/personalized-las-vegas-football-t-shirt,0,0,0,KNLBV,0,0,0,0,11
2026-09-05_17-14-48,personalized football gift,4550580759,"Football Senior Mom Shirt, Customizable Football Mom Custom School Mascot Shirt Vintage Varsity Design Retro Team Spirit Graphic",18.0,USD,29,623,59863032,Personalized School|school team shirt|custom spirit shirt|custom team shirt|School Spirit Shirts|custom school tee|School Team Name|football senior gift|team football mom|football game mom|senior year shirt|custom name shirt,https://www.etsy.com/listing/4550580759/football-senior-mom-shirt-customizable,1,3.0,1787919247,RedVelvetShirt,2931,4.78,405,674,654
2026-09-05_17-14-48,personalized football gift,4548478840,"Football Senior Mom Shirt, Customizable Football Mom Graphic, Personalized Name Tee, Senior Year Football Gift Idea",18.0,USD,44,1825,59863032,football senior gift|team football mom|football game mom|senior year shirt|custom name shirt|football mom gift|football mom shirt|personalized gift,https://www.etsy.com/listing/4548478840/football-senior-mom-shirt-customizable,2,5.0,1787537475,RedVelvetShirt,2931,4.78,405,674,654
2026-09-05_17-14-48,personalized football gift,4539025918,"Football Senior Mom Shirt, Customizable Football Mom Graphic, Personalized Name Tee, Senior Year Football Gift Idea",18.0,USD,670,25770,59863032,football mom shirt|football senior gift|football mom gift|senior year shirt|personalized gift|team football mom|custom name shirt|football game mom,https://www.etsy.com/listing/4539025918/football-senior-mom-shirt-customizable,59,5.0,1788556437,RedVelvetShirt,2931,4.78,405,674,654
2026-09-05_17-14-48,personalized football gift,785457732,"Personalized Glossy Football Favor Labels - Birthday Favor Labels - Gift Tags - FBL025 - 1.5&quot;, 2&quot;, 2.5&quot; sizes",7.49,USD,1,45,6870759,Personalized|Party Favors|Party Supplies|round favor labels|round stickers|favor tags|gift tags|custom labels|birthday favors|football party|football theme|football labels|super bowl party,https://www.etsy.com/listing/785457732/personalized-glossy-football-favor,0,0,0,ThatsAWrapFavors,25015,4.96,5799,1926,2376
2026-09-05_17-14-48,personalized football gift,4566970074,"Comfort Colors Custom Number and Name Shirt, Personalized Sports Mascot Tee,Your Number College Football Game Day Gift",18.0,USD,1,8,59863032,school team number|football number|game day comfort|jersey number|custom football|custom number|college football|football lover shirt|football shirt|christmas gift|comfort colors tee|custom shirt|your number,https://www.etsy.com/listing/4566970074/comfort-colors-custom-number-and-name,0,0,0,RedVelvetShirt,2931,4.78,405,674,654
2026-09-05_17-14-48,personalized football gift,4370736146,"Retro Game Console Football Birthday Card, Personalized Soccer Card",5.29,GBP,4,80,13629319,Card For men|gamer card|brother gaming|personalised card|football Birthday|Son birthday|personalised name|computer games|Soccer Gift|football dad card|football fan gift|retro football card|game console card,https://www.etsy.com/listing/4370736146/retro-game-console-football-birthday,1,5.0,1782464102,97design,19766,4.95,4412,1516,176
2026-09-05_17-14-48,personalized football gift,4312660984,"Personalized Football Aunt Shirt, Custom Game Day Tee, Name Number Apparel, High School Football",32.99,USD,25,548,54979400,custom football name|football gameday|customized football|football custom|season football|football gift family|your name football|names and numbers|gameday shirt|high school football|team name football|sport lovers shirt|personalized varsity,https://www.etsy.com/listing/4312660984/custom-football-aunt-shirt-personalized,3,5.0,1788010191,ThisGlamorousMomLife,2702,4.89,444,170,215
2026-09-05_17-14-48,personalized football gift,4299270101,Personalized Atlanta Football Jersey Phone Case | Custom Name & Number,280000.0,IDR,0,42,44814558,iPhone 15|Samsung S24|iPhone 16 Case|Google Phone Case|gift|Birthday gift|Gift for dad|Gift for family|Gift phone case|Atlanta Falcons|Atlanta Football|Falcons Football|Atlanta Sports,https://www.etsy.com/listing/4299270101/personalized-atlanta-american-football,0,0,0,Astucreate,1254,4.47,164,48,229
2026-09-05_17-14-48,personalized football gift,4299264436,Personalized Arizona Football Jersey Phone Case | Name & Number,280000.0,IDR,0,31,44814558,iPhone 15|Samsung S24|iPhone 16 Case|Google Phone Case|Arizona Cardinals|Arizona Football|Arizona Sports|Cardinals Fans|gift|Birthday gift|Gift for dad|Gift for family|Gift phone case,https://www.etsy.com/listing/4299264436/personalized-arizona-american-football,0,0,0,Astucreate,1254,4.47,164,48,229
2026-09-05_17-14-48,personalized football gift,4329584528,"Personalised Leeds United Football Teddy Bear, Custom Name & Number",14.99,GBP,10,778,39306229,Marching On Together|leeds united gift|leeds united teddy|leeds football gift|personalised teddy|football teddy bear|custom name teddy|name number bear|football fan gift|leeds gift for him|football birthday|football christmas|football keepsake,https://www.etsy.com/listing/4329584528/personalised-leeds-united-fc-marching-on,5,5.0,1771681220,Whatevergiftofficial,491,4.82,70,18,100
2026-09-05_17-14-48,personalized football gift,1763408067,Personalised Everton Mug | Any Year | Birthday gift |  Everton gifts | Everton Personalised Gift | Everton Merch | Year You Were Born Gift,13.32,GBP,11,746,52610817,Gift for him|Football gift|Personalised Mug|Year you were born|Birthday gift|Personalised gifts|Premier League|Everton|Everton gifts|Everton Mug|Everton cup|Everton Personalised|Everton fan,https://www.etsy.com/listing/1763408067/personalised-everton-mug-any-year,1,5.0,1759487034,MemorableGiftingCo,5455,4.87,794,427,170
2026-09-05_17-14-48,personalized football gift,4559498955,"Custom embroidered Mascot sweatshirt, Team Name School Spirit Gift, Back to School sweater, Game Day crewneck",44.99,USD,3,141,25571606,Custom Mascot|custom team name|custom school team|spirit sweatshirt|back to school sweat|personalized school|football sweatshirt|softball mom sweater|baseball mom sweater|varsity sweatshirt|alumni sweatshirt|embroidered crewneck|vintage sweatshirt,https://www.etsy.com/listing/4559498955/custom-embroidered-mascot-sweatshirt,0,0,0,RayAndAnnShop,33902,4.93,6380,11703,345
2026-09-05_17-14-48,personalized football gift,4370867190,"Sports Charm Personalized Name Bag charm : Backpack Tag, Diaper Bag Charm",26.0,USD,445,9420,31095730,Bag Charm|Personalized NameTag|Custom Name Tag|Backpack Name Tag|Goodie bag|Volleyball Team|Football team|Soccer ball|Toddler Boy name tag|Basketball keychain|baseball keychain|boys bag tag|Back to school gift,https://www.etsy.com/listing/4370867190/sports-charm-personalized-name-bag-charm,9,5.0,1788189090,NAMEPOPDesigns,861,4.99,102,224,27
2026-09-05_17-14-48,personalized football gift,4542407503,"Personalized Poke Game Football Jersey, Poke Game Football Jersey, Custom Name Number Shirt, Anime Gift for Kids, Gamer Football Jersey",46.0,USD,6,238,44957810,pokemon tee|pokemon merch|anime football|video game tee|pokemon lover|kids pokemon|birthday gift|boys jersey|personalized tee|nintendo fan|game character|pokemon outfit|Pikachu,https://www.etsy.com/listing/4542407503/personalized-poke-game-football-jersey,0,0,0,Hamsaha,12537,4.68,1707,870,674
2026-09-05_17-14-48,personalized football gift,4566665901,"Personalized Football Fall Doormat, Touchdowns and Pumpkins Custom Family Name Mat, Autumn Game Day Front Porch Decor, Football Fan Gift",54.02,USD,3,9,61584146,football doormat|fall football mat|touchdowns pumpkins|personalized mat|family name doormat|pumpkin doormat|game day decor|fall porch decor|football fan gift|custom family mat|autumn door mat|sports family gift|thanksgiving doormat,https://www.etsy.com/listing/4566665901/personalized-football-fall-doormat,0,0,0,CozyGiftNestStudio,1502,4.8,314,143,938
2026-09-05_17-14-48,personalized football gift,4362513958,"Tennessee Titans Burp Cloth: Football Baby Gift, Cotton Burp Rag",10.0,USD,0,12,6729648,Clares Clothesline|new baby gift|baby shower gift|Tennessee Titans|Nashville TN|Titans burp cloth|cotton burp rag|personalized name|newborn feeding|present for infant|NFL football|navy blue white|sports fan,https://www.etsy.com/listing/4362513958/tennessee-titans-burp-cloth-blue-titans,0,0,0,ClaresClothesline,9899,4.93,1783,1127,429
2026-09-05_17-14-48,personalized football gift,4386114748,"Custom Ball Pajama Pants, Personalized Softball/Basketball/Football/Volleyball/Soccer Team Gifts",8.99,USD,144,11355,26293811,Ball Lovers pajamas|balls player pant|Basketball Pajama|Football Pajama Pant|Soccer Pajama Pants|Baseball Pajama Pant|Tennis Pajama Pants|Billiard Pajama Pant|ballsports club pant|ballsport club party|teams gifts|softball pajamas|Valentine's pajamas,https://www.etsy.com/listing/4386114748/custom-ball-pajama-pants-personalized,25,4.8,1782198398,FancyCustomShop,5134,4.54,978,676,212
2026-09-05_17-14-48,personalized football gift,1425816898,"Cheer Necklace, Cheerleader Gift, Custom name Necklace, Initial Necklace, Sport jewelry, Sports Mom Necklace, Jersey Sport Numbers, Mom Gift",59.0,USD,5,281,25687072,Personalized jewelry|personalized gift|sports necklace|number necklace|name necklace|number pendant|sports jewelry|basketball Gift|baseball gift|soccer gift|golf Gift|Sports mom gift|Football Necklace,https://www.etsy.com/listing/1425816898/cheer-necklace-cheerleader-gift-custom,0,0,0,customdecordirect,13345,4.87,2972,853,635
2026-09-05_17-14-48,personalized football gift,4545796682,"Football Senior Mom Shirt, Customizable Football Mom Graphic, Personalized Name Tee, Senior Year Football Gift Idea",18.0,USD,4,49,48272167,football mom shirt|senior football|custom football|personalized mom|football senior gift|football mom gift|senior year shirt|favorite football|personalized gift|family football|team football mom|custom name shirt|football game mom,https://www.etsy.com/listing/4545796682/football-senior-mom-shirt-customizable,0,0,0,StyleFusionShirts,16503,4.86,2724,1016,693
2026-09-05_17-14-48,personalized football gift,4566939445,"Comfort Colors Custom Number and Name Shirt, Personalized Sports Mascot Tee,Your Number College Football Game Day Gift",18.0,USD,1,8,48272167,,https://www.etsy.com/listing/4566939445/comfort-colors-custom-number-and-name,0,0,0,StyleFusionShirts,16503,4.86,2724,1016,693
2026-09-05_17-14-48,personalized football gift,4539611956,"Football Senior Mom Shirt, Customizable Football Mom Graphic, Personalized Name Tee, Senior Year Football Gift Idea",18.0,USD,5,166,48272167,football game mom,https://www.etsy.com/listing/4539611956/football-senior-mom-shirt-customizable,1,5.0,1786676943,StyleFusionShirts,16503,4.86,2724,1016,693
2026-09-05_17-14-48,personalized football gift,4545176930,"Personalized Team Name Football Shirt, Game Day Tee, Touchdown Season, Team Fan Gift, Senior Mom Football Shirt, Player Name & Number",18.0,USD,1,69,48272167,team name shirt|custom football|football mama|football team shirt|football mom|football mom shirt|football shirt|game day football|game day shirt|personalized shirt|comfort colors|football gifts|senior football mom,https://www.etsy.com/listing/4545176930/personalized-team-name-football-shirt,1,5.0,1788394002,StyleFusionShirts,16503,4.86,2724,1016,693
2026-09-05_17-14-48,personalized football gift,4558687208,"Senior Football Mom 2027 Sweatshirt, Personalized Football Mom Hoodie, The Final Quarter Crewneck, Custom Senior Mom Shirt",40.51,USD,0,5,54069595,senior football mom|football mom 2027|senior mom hoodie|football mom hoodie|football crewneck|the final quarter|custom football mom|personalized mom|senior mom 2027|football mom gift|senior mom gift|game day mom|senior year mom,https://www.etsy.com/listing/4558687208/senior-football-mom-2027-sweatshirt,0,0,0,ColorByAyan,1968,4.88,406,240,1325
2026-09-05_17-14-48,personalized football gift,1770842532,"Custom Football Shirt for Football Aunt, Football Aunt Tshirt, That&#39;s My Nephew Custom T Shirt, Game Day Personalized Football Gift for Her",23.98,USD,149,5501,9102424,football aunt|football shirt|football tshirt|football t shirt|football t-shirt|football tee|personalized shirt|custom football|thats my nephew|football game day|football season|gift for aunt|football nephew,https://www.etsy.com/listing/1770842532/custom-football-shirt-for-football-aunt,10,4.9,1788549847,JaclynRoseDesign,57759,4.91,12654,6067,931
2026-09-05_17-14-48,personalized football gift,4559744449,"Personalized Football Jersey, Custom Name and Number Mesh Jersey, Men’s Sports Shirt, Football Fan Apparel, Game Day Gift",31.98,USD,0,49,61981304,Custom Bears Shirt|Bears Jersey|Bears Champion|Personalized Shirt|Bears V Neck Shirt|Chicago Fan Jersey|match-day jerseys|football fan gifts|All Stitched Jersey|personalized jerseys|Bears Fan Gift|Chicago Game Day|Custom Bears Jersey,https://www.etsy.com/listing/4559744449/personalized-football-jersey-custom-name,0,0,0,ArdelyneArtworks,300,4.83,31,42,792
2026-09-05_17-14-48,personalized football gift,4530524038,"Custom Football Mom Shirt with Photo, Personalized Football Sweatshirt, Football Mom Tee, Custom Player Name & Number Shirt,",30.0,USD,13,240,65364164,shirts|tshirt|tees|tshirts|football|custom football tee|football photo shirt|custom football|sweatshirt|football gift|personalized|football shirt|custom game day,https://www.etsy.com/listing/4530524038/custom-football-mom-shirt-with-photo,0,0,0,TrendychicappllcShop,1412,4.8,152,368,507
2026-09-05_17-14-48,personalized football gift,777383296,Alabama Crimson Tide &quot;Big Al&quot; Personalized Baby Pullover Bib - Officially NCAA Licensed!,22.0,USD,6,110,12643731,baby shower gift|unique baby gift|Alabama Crimson Tide|Crimson Tide baby|alabama baby|alabama baby gift|personalized alabama|personalized crimson|alabama bib|crimson tide bib|custom Alabama bib|sec football|alabama football,https://www.etsy.com/listing/777383296/personalized-ncaa-alabama-crimson-tide,0,0,0,DesignsByChadAndJake,11359,4.79,1583,850,3458
2026-09-05_17-14-48,personalized football gift,4556765121,"Personalized Football Sweatshirt and Hoodie, Custom Mascot Name Number Sweater WPS195",38.99,USD,62,1959,65674400,unisex hoodie|Unisex Sweatshirt|back to school|custom mascot hoodie|custom school gift|custom sports hoodie|football mascot|last day of school|personalized gift|school logo sweater|school spirit|team mascot sweater|custom college,https://www.etsy.com/listing/4556765121/personalized-football-sweatshirt-and,4,5.0,1788568925,WhitePurpleShop,694,4.96,67,347,360
2026-09-05_17-14-48,personalized football gift,4345274819,"Personalized Football Player Senior Graduation Photo Frame: Custom Made ANY Sport Team, 12x12 Mat",49.0,USD,9,285,6133705,Custom Made Sport|Senior Football Gift|12x12 Photo Frame|Custom Athlete Gift|Football Player Gift|Custom Photo Mat|Gift For Footballer|Sports Memory Frame|Made To Order Gift|Football Team Quote|Gift For Sport Lover|Graduation Photo Mat|Custom Sport Tribute,https://www.etsy.com/listing/4345274819/senior-graduation-football-photo,3,5.0,1758577771,PhotoFrameOriginals,30416,4.97,6214,7864,465
2026-09-05_17-14-48,personalized football gift,1598797106,"Custom House Divided Shirt, College Rivalry Tee, Sports Fan Gift",415000.0,VND,36,3626,28651218,Two Team T-shirt|Baseball T-shirt|Christmas decoration|house divided|personalized T-shirt|Family T-shirt|Custom Photo T-shirt|Divided house|Team support T-shirt|Football T-shirts|Team T-shirts|Custom House Divided|house divided baby,https://www.etsy.com/listing/1598797106/custom-house-divided-shirt-house-divided,0,0,0,EmmaWhiteApparel,11953,4.75,2358,1143,790
2026-09-05_17-14-48,personalized football gift,4558896596,"Custom Mascot Name And Number Racerback Tank Top, Personalized School Spirit Tee, Team Name Football Baseball Softball Game Day Gift, S1592",29.0,USD,2,31,60290025,Racerback Tank Top|Back to school shirt|Custom mascot shirt|Custom school shirt|School spirit shirt|school spirit tank|Team Spirit Shirt|Team mascot shirt|Game Day Shirt|high school mascot|name number top|custom team name,https://www.etsy.com/listing/4558896596/custom-mascot-name-and-number-racerback,0,0,0,Hearthlandfashiontee,7074,4.85,1021,1180,1601
2026-09-05_17-14-48,personalized football gift,4569611404,"Personalized Chicago Football T-Shirt, Custom Name & Number Game Day Jersey, Football Fan Gift",20.6,EUR,0,0,67818990,,https://www.etsy.com/listing/4569611404/personalized-football-t-shirt-custom,0,0,0,KNLBV,0,0,0,0,11
2026-09-05_17-14-48,personalized football gift,4329079271,Personalisierter Fußball Stundenplan aus Acryl | DIN A4 | Abwaschbar | Mit Holzsockel | Geschenk zur Einschulung | Fußballer | Fan Junge,5.0,EUR,196,5979,18365280,stundenplan|fußball stundenplan|personalisierter stundenplan|schulkind geschenk|schule organisation|DIN A4 stundenplan|kinderzimmer deko|fußball fan geschenk|schulanfang|acryl stundenplan|abwaschbarer stundenplan|fußballfeld|torwart,https://www.etsy.com/listing/4329079271/personalisierter-stundenplan-fussball,8,5.0,1788193987,Hochzeitideal,59500,4.81,10073,2459,1227
2026-09-05_17-14-48,personalized football gift,4411454437,"Custom football jersey name patch sewn embroidered label for backpacks, uniforms, and jackets. Choose your size plus patch and thread colors",15.0,USD,115,7378,62158224,custom patch|custom name patch|name tag|embroidered patch|stitched patch|player name patch|backpack patch|sew on patch|custom name DIY|celebration party|personalized sew on|child boy girl kid|varsity jacket gift,https://www.etsy.com/listing/4411454437/custom-football-jersey-name-patch-sewn,24,4.6,1788560209,CustomJerseyHub,1032,4.73,132,134,69
2026-09-05_17-14-48,personalized football gift,4545497110,"Family Matching Football Jerseys, Custom Name Number Shirt, Personalized Football Outfit for Dad Mom Baby Kids Birthday Gift",13.0,USD,77,6048,61927634,personalized jersey|toddler jersey|kids football jersey|baby football jersey|cheer jersey|baby jersey|nfl jersey|birthday jersey|football jersey|custom jersey|football shirt|family jersey|football birthday,https://www.etsy.com/listing/4545497110/family-matching-football-jerseys-custom,3,5.0,1788357219,FrenzyJerseyCustom,3087,4.89,324,492,45
2026-09-05_17-14-48,personalized football gift,4569592471,"Custom Football Mom Shirt, Personalized Player Name Number Tee, Custom Team Name Football Shirt, Game Day Mom Gift",18.0,USD,0,0,67239540,custom football|football mom shirt|player name shirt|custom team name|football number|personalized tee|game day shirt|football mom|player number tee|team spirit shirt|football gift|sports mom gift|custom football tee,https://www.etsy.com/listing/4569592471/custom-football-mom-shirt-personalized,0,0,0,BloomShire,52,0,0,22,250
2026-09-05_17-14-48,personalized football gift,4569593527,"Custom Football Sweatshirt, Personalized Player Name Number Hoodie, Custom Team Name Crewneck, Football Mom Game Day Gift",38.99,USD,0,0,67239540,custom football|football hoodie|football sweatshirt|custom team name|player name hoodie|custom number|football mom|game day hoodie|team spirit|player number|sports mom gift|football gift|custom team hoodie,https://www.etsy.com/listing/4569593527/custom-football-sweatshirt-personalized,0,0,0,BloomShire,52,0,0,22,250
2026-09-05_17-14-48,personalized football gift,4509169824,Joe Burrow Earrings - Cincinnati Bengals Football Fan Jewelry,20.0,USD,4,45,6642842,Cincinnati Bengals|joe burrow|nfl funny gift|christmas gift dad|tailgate accessories|season playoff|handmade stadium|championship victory|quarterback orange|unique personalized|personalized playoff|season game|number bowl jersey,https://www.etsy.com/listing/4509169824/joe-burrow-earrings-cincinnati-bengals,0,0,0,SonnyandKaitBoutique,834,4.94,178,136,39
2026-09-05_17-14-48,personalized football gift,4569595543,"Custom Football Racerback Tank Top, Personalized Player Name Number Tank, Custom Team Name Shirt, Game Day Mom Gift",28.0,USD,0,0,67239540,custom football|football tank top|racerback tank|custom team name|player name tank|custom number tank|football mom tank|game day tank|team spirit tank|player number|sports mom gift|football gift|custom team tank,https://www.etsy.com/listing/4569595543/custom-football-racerback-tank-top,0,0,0,BloomShire,52,0,0,22,250
2026-09-05_17-14-48,personalized football gift,1295860849,"Football Nana Shirt,Glitter, Football Nana Shirt,Football Mom Tee,Football Grandma Shirt,Football Aunt Gift,Custom Football Shirt",30.99,USD,108,6343,15858910,Cute Football|Football Mom Shirt|Glitter Football|Football Shirt|Glitter Football Mom|Custom Football Mom|Personalized|Wildcats|Eagles|Warriors|Football Nana Shirt|Football Aunt Gift|Football Aunt,https://www.etsy.com/listing/1295860849/football-nana-shirtglitter-football-nana,5,5.0,1770063731,KINANDNEEDLE,54411,4.95,10268,3372,393
2026-09-05_17-14-48,personalized football gift,4569596801,"Custom Football V Neck Shirt, Personalized Player Name Number Tee, Custom Team Name V-Neck, Football Mom Game Day Gift",31.0,USD,0,0,67239540,football v neck|custom football|football mom shirt|custom team name|player name shirt|custom number tee|game day v neck|football mom|team spirit tee|player number|sports mom gift|football gift|custom team shirt,https://www.etsy.com/listing/4569596801/custom-football-v-neck-shirt,0,0,0,BloomShire,52,0,0,22,250
2026-09-05_17-14-48,personalized football gift,1686452268,"Affiches football pour enfants couleur sauge - 3 posters personnalisés prénom - goal, terrain et maillot",14.0,EUR,238,14748,29623742,ensemble d'affiches|poster pour salle de jeux|affiches enfants 50x70|illustrations grand format|décoration chambre frères|affiche sport pour enfants|déco football enfant|poster maillot de football|maillot de foot personnalisé|affiche foot prénom enfant|cadeau foot pour enfant|déco foot chambre enfant|posters trio sport enfant,https://www.etsy.com/listing/1686452268/affiches-football-pour-enfants-couleur,3,4.666666666666667,1782069408,CalypsoKids,7555,4.9,996,1049,558
2026-09-05_17-14-48,personalized football gift,4543227932,"Custom School Mascot Football Team DTF Transfers, Customizable School Mascot Ready To Press, Custom Football Basketball Softball Hockey",0.9,USD,40,544,60269128,First Day Of School|custom Team shirts|Personalized School|Personalized Team|School mascot shirt|School Team Name Tee|college team sweat|high school mascot|school spirit gift|Ready To Press|Custom Football|football mascot name|Customizable Team,https://www.etsy.com/listing/4543227932/custom-school-mascot-football-team-dtf,0,0,0,HeatPressDTF,1217,4.79,132,236,387
2026-09-05_17-14-48,personalized football gift,4554334781,Custom Text 3D Embroidered Striped Baseball Cap: Personalized Athletic Headwear,30.99,USD,135,3084,65304170,Custom Trucker Hat|Team Spirit Merch|tailgate outfit|custom team merch|varsity font cap|game day accessory|Personalized Caps|football mom gift|sports fan gift|College Football Hat|Athletic Script Cap|Custom Mascot Gift|group matching hats,https://www.etsy.com/listing/4554334781/custom-text-3d-embroidered-striped,0,0,0,OldSoulCaps,517,4.76,41,278,263
2026-09-05_17-14-48,personalized football gift,4565689166,"Personalized Football Team Wreath Sash, Custom College Football Front Door Decor, Game Day Porch Decor, Football Player Gift",24.97,USD,1,14,35207881,fall wreath sash|wreath sash|front door decor|game day decor|tailgate decor|fall door decor|custom wreath sash|monogrammed sash|college football|monogram decor|custom football|football team gift|Football Wreath Sash,https://www.etsy.com/listing/4565689166/personalized-football-team-wreath-sash,0,0,0,iPersonalizedGift,44129,4.89,8286,2378,720
